image_name,gsm,source,augmentation,original_image,split
fabricnet_0001.jpg,140,fabricnet,original,fabricnet_0001.jpg,val
fabricnet_0001_aug_1_slight_blur.jpg,140,fabricnet,slight_blur,fabricnet_0001.jpg,val
fabricnet_0001_aug_2_vertical_flip.jpg,140,fabricnet,vertical_flip,fabricnet_0001.jpg,val
fabricnet_0001_aug_3_horizontal_flip.jpg,140,fabricnet,horizontal_flip,fabricnet_0001.jpg,val
fabricnet_0001_aug_4_sharpen.jpg,140,fabricnet,sharpen,fabricnet_0001.jpg,val
fabricnet_0001_aug_5_rotate_270.jpg,140,fabricnet,rotate_270,fabricnet_0001.jpg,val
fabricnet_0002.jpg,140,fabricnet,original,fabricnet_0002.jpg,train
fabricnet_0002_aug_1_rotate_180.jpg,140,fabricnet,rotate_180,fabricnet_0002.jpg,train
fabricnet_0002_aug_2_gamma_correction.jpg,140,fabricnet,gamma_correction,fabricnet_0002.jpg,train
fabricnet_0002_aug_3_rotate_90.jpg,140,fabricnet,rotate_90,fabricnet_0002.jpg,train
fabricnet_0002_aug_4_sharpen.jpg,140,fabricnet,sharpen,fabricnet_0002.jpg,train
fabricnet_0002_aug_5_vertical_flip.jpg,140,fabricnet,vertical_flip,fabricnet_0002.jpg,train
fabricnet_0003.jpg,140,fabricnet,original,fabricnet_0003.jpg,val
fabricnet_0003_aug_1_slight_blur.jpg,140,fabricnet,slight_blur,fabricnet_0003.jpg,val
fabricnet_0003_aug_2_sharpen.jpg,140,fabricnet,sharpen,fabricnet_0003.jpg,val
fabricnet_0003_aug_3_contrast_down.jpg,140,fabricnet,contrast_down,fabricnet_0003.jpg,val
fabricnet_0003_aug_4_vertical_flip.jpg,140,fabricnet,vertical_flip,fabricnet_0003.jpg,val
fabricnet_0003_aug_5_gaussian_noise.jpg,140,fabricnet,gaussian_noise,fabricnet_0003.jpg,val
fabricnet_0004.jpg,140,fabricnet,original,fabricnet_0004.jpg,train
fabricnet_0004_aug_1_brightness_down.jpg,140,fabricnet,brightness_down,fabricnet_0004.jpg,train
fabricnet_0004_aug_2_horizontal_flip.jpg,140,fabricnet,horizontal_flip,fabricnet_0004.jpg,train
fabricnet_0004_aug_3_zoom_out.jpg,140,fabricnet,zoom_out,fabricnet_0004.jpg,train
fabricnet_0004_aug_4_vertical_flip.jpg,140,fabricnet,vertical_flip,fabricnet_0004.jpg,train
fabricnet_0004_aug_5_rotate_180.jpg,140,fabricnet,rotate_180,fabricnet_0004.jpg,train
fabricnet_0005.jpg,140,fabricnet,original,fabricnet_0005.jpg,train
fabricnet_0005_aug_1_rotate_180.jpg,140,fabricnet,rotate_180,fabricnet_0005.jpg,train
fabricnet_0005_aug_2_contrast_down.jpg,140,fabricnet,contrast_down,fabricnet_0005.jpg,train
fabricnet_0005_aug_3_gaussian_noise.jpg,140,fabricnet,gaussian_noise,fabricnet_0005.jpg,train
fabricnet_0005_aug_4_horizontal_flip.jpg,140,fabricnet,horizontal_flip,fabricnet_0005.jpg,train
fabricnet_0005_aug_5_zoom_out.jpg,140,fabricnet,zoom_out,fabricnet_0005.jpg,train
fabricnet_0006.jpg,130,fabricnet,original,fabricnet_0006.jpg,train
fabricnet_0006_aug_1_rotate_180.jpg,130,fabricnet,rotate_180,fabricnet_0006.jpg,train
fabricnet_0006_aug_2_sharpen.jpg,130,fabricnet,sharpen,fabricnet_0006.jpg,train
fabricnet_0006_aug_3_slight_blur.jpg,130,fabricnet,slight_blur,fabricnet_0006.jpg,train
fabricnet_0006_aug_4_zoom_out.jpg,130,fabricnet,zoom_out,fabricnet_0006.jpg,train
fabricnet_0006_aug_5_contrast_down.jpg,130,fabricnet,contrast_down,fabricnet_0006.jpg,train
fabricnet_0007.jpg,130,fabricnet,original,fabricnet_0007.jpg,test
fabricnet_0007_aug_1_brightness_down.jpg,130,fabricnet,brightness_down,fabricnet_0007.jpg,test
fabricnet_0007_aug_2_rotate_180.jpg,130,fabricnet,rotate_180,fabricnet_0007.jpg,test
fabricnet_0007_aug_3_contrast_up.jpg,130,fabricnet,contrast_up,fabricnet_0007.jpg,test
fabricnet_0007_aug_4_gaussian_noise.jpg,130,fabricnet,gaussian_noise,fabricnet_0007.jpg,test
fabricnet_0007_aug_5_rotate_270.jpg,130,fabricnet,rotate_270,fabricnet_0007.jpg,test
fabricnet_0008.jpg,130,fabricnet,original,fabricnet_0008.jpg,val
fabricnet_0008_aug_1_zoom_in.jpg,130,fabricnet,zoom_in,fabricnet_0008.jpg,val
fabricnet_0008_aug_2_zoom_out.jpg,130,fabricnet,zoom_out,fabricnet_0008.jpg,val
fabricnet_0008_aug_3_horizontal_flip.jpg,130,fabricnet,horizontal_flip,fabricnet_0008.jpg,val
fabricnet_0008_aug_4_rotate_90.jpg,130,fabricnet,rotate_90,fabricnet_0008.jpg,val
fabricnet_0008_aug_5_brightness_down.jpg,130,fabricnet,brightness_down,fabricnet_0008.jpg,val
fabricnet_0009.jpg,130,fabricnet,original,fabricnet_0009.jpg,test
fabricnet_0009_aug_1_brightness_up.jpg,130,fabricnet,brightness_up,fabricnet_0009.jpg,test
fabricnet_0009_aug_2_rotate_270.jpg,130,fabricnet,rotate_270,fabricnet_0009.jpg,test
fabricnet_0009_aug_3_rotate_90.jpg,130,fabricnet,rotate_90,fabricnet_0009.jpg,test
fabricnet_0009_aug_4_rotate_180.jpg,130,fabricnet,rotate_180,fabricnet_0009.jpg,test
fabricnet_0009_aug_5_gamma_correction.jpg,130,fabricnet,gamma_correction,fabricnet_0009.jpg,test
fabricnet_0010.jpg,130,fabricnet,original,fabricnet_0010.jpg,train
fabricnet_0010_aug_1_vertical_flip.jpg,130,fabricnet,vertical_flip,fabricnet_0010.jpg,train
fabricnet_0010_aug_2_gamma_correction.jpg,130,fabricnet,gamma_correction,fabricnet_0010.jpg,train
fabricnet_0010_aug_3_brightness_down.jpg,130,fabricnet,brightness_down,fabricnet_0010.jpg,train
fabricnet_0010_aug_4_zoom_out.jpg,130,fabricnet,zoom_out,fabricnet_0010.jpg,train
fabricnet_0010_aug_5_brightness_up.jpg,130,fabricnet,brightness_up,fabricnet_0010.jpg,train
fabricnet_0011.jpg,130,fabricnet,original,fabricnet_0011.jpg,train
fabricnet_0011_aug_1_zoom_out.jpg,130,fabricnet,zoom_out,fabricnet_0011.jpg,train
fabricnet_0011_aug_2_brightness_up.jpg,130,fabricnet,brightness_up,fabricnet_0011.jpg,train
fabricnet_0011_aug_3_gaussian_noise.jpg,130,fabricnet,gaussian_noise,fabricnet_0011.jpg,train
fabricnet_0011_aug_4_rotate_270.jpg,130,fabricnet,rotate_270,fabricnet_0011.jpg,train
fabricnet_0011_aug_5_horizontal_flip.jpg,130,fabricnet,horizontal_flip,fabricnet_0011.jpg,train
fabricnet_0012.jpg,105,fabricnet,original,fabricnet_0012.jpg,train
fabricnet_0012_aug_1_sharpen.jpg,105,fabricnet,sharpen,fabricnet_0012.jpg,train
fabricnet_0012_aug_2_contrast_up.jpg,105,fabricnet,contrast_up,fabricnet_0012.jpg,train
fabricnet_0012_aug_3_contrast_down.jpg,105,fabricnet,contrast_down,fabricnet_0012.jpg,train
fabricnet_0012_aug_4_vertical_flip.jpg,105,fabricnet,vertical_flip,fabricnet_0012.jpg,train
fabricnet_0012_aug_5_brightness_down.jpg,105,fabricnet,brightness_down,fabricnet_0012.jpg,train
fabricnet_0013.jpg,105,fabricnet,original,fabricnet_0013.jpg,test
fabricnet_0013_aug_1_vertical_flip.jpg,105,fabricnet,vertical_flip,fabricnet_0013.jpg,test
fabricnet_0013_aug_2_contrast_down.jpg,105,fabricnet,contrast_down,fabricnet_0013.jpg,test
fabricnet_0013_aug_3_rotate_270.jpg,105,fabricnet,rotate_270,fabricnet_0013.jpg,test
fabricnet_0013_aug_4_slight_blur.jpg,105,fabricnet,slight_blur,fabricnet_0013.jpg,test
fabricnet_0013_aug_5_gaussian_noise.jpg,105,fabricnet,gaussian_noise,fabricnet_0013.jpg,test
fabricnet_0014.jpg,105,fabricnet,original,fabricnet_0014.jpg,train
fabricnet_0014_aug_1_gamma_correction.jpg,105,fabricnet,gamma_correction,fabricnet_0014.jpg,train
fabricnet_0014_aug_2_zoom_out.jpg,105,fabricnet,zoom_out,fabricnet_0014.jpg,train
fabricnet_0014_aug_3_brightness_up.jpg,105,fabricnet,brightness_up,fabricnet_0014.jpg,train
fabricnet_0014_aug_4_gaussian_noise.jpg,105,fabricnet,gaussian_noise,fabricnet_0014.jpg,train
fabricnet_0014_aug_5_rotate_180.jpg,105,fabricnet,rotate_180,fabricnet_0014.jpg,train
fabricnet_0015.jpg,105,fabricnet,original,fabricnet_0015.jpg,train
fabricnet_0015_aug_1_sharpen.jpg,105,fabricnet,sharpen,fabricnet_0015.jpg,train
fabricnet_0015_aug_2_vertical_flip.jpg,105,fabricnet,vertical_flip,fabricnet_0015.jpg,train
fabricnet_0015_aug_3_horizontal_flip.jpg,105,fabricnet,horizontal_flip,fabricnet_0015.jpg,train
fabricnet_0015_aug_4_slight_blur.jpg,105,fabricnet,slight_blur,fabricnet_0015.jpg,train
fabricnet_0015_aug_5_rotate_180.jpg,105,fabricnet,rotate_180,fabricnet_0015.jpg,train
fabricnet_0016.jpg,105,fabricnet,original,fabricnet_0016.jpg,train
fabricnet_0016_aug_1_zoom_in.jpg,105,fabricnet,zoom_in,fabricnet_0016.jpg,train
fabricnet_0016_aug_2_rotate_270.jpg,105,fabricnet,rotate_270,fabricnet_0016.jpg,train
fabricnet_0016_aug_3_vertical_flip.jpg,105,fabricnet,vertical_flip,fabricnet_0016.jpg,train
fabricnet_0016_aug_4_rotate_180.jpg,105,fabricnet,rotate_180,fabricnet_0016.jpg,train
fabricnet_0016_aug_5_gamma_correction.jpg,105,fabricnet,gamma_correction,fabricnet_0016.jpg,train
fabricnet_0017.jpg,85,fabricnet,original,fabricnet_0017.jpg,train
fabricnet_0017_aug_1_brightness_down.jpg,85,fabricnet,brightness_down,fabricnet_0017.jpg,train
fabricnet_0017_aug_2_rotate_270.jpg,85,fabricnet,rotate_270,fabricnet_0017.jpg,train
fabricnet_0017_aug_3_contrast_up.jpg,85,fabricnet,contrast_up,fabricnet_0017.jpg,train
fabricnet_0017_aug_4_slight_blur.jpg,85,fabricnet,slight_blur,fabricnet_0017.jpg,train
fabricnet_0017_aug_5_brightness_up.jpg,85,fabricnet,brightness_up,fabricnet_0017.jpg,train
fabricnet_0018.jpg,85,fabricnet,original,fabricnet_0018.jpg,train
fabricnet_0018_aug_1_rotate_90.jpg,85,fabricnet,rotate_90,fabricnet_0018.jpg,train
fabricnet_0018_aug_2_brightness_up.jpg,85,fabricnet,brightness_up,fabricnet_0018.jpg,train
fabricnet_0018_aug_3_zoom_out.jpg,85,fabricnet,zoom_out,fabricnet_0018.jpg,train
fabricnet_0018_aug_4_rotate_180.jpg,85,fabricnet,rotate_180,fabricnet_0018.jpg,train
fabricnet_0018_aug_5_slight_blur.jpg,85,fabricnet,slight_blur,fabricnet_0018.jpg,train
fabricnet_0019.jpg,85,fabricnet,original,fabricnet_0019.jpg,train
fabricnet_0019_aug_1_rotate_270.jpg,85,fabricnet,rotate_270,fabricnet_0019.jpg,train
fabricnet_0019_aug_2_sharpen.jpg,85,fabricnet,sharpen,fabricnet_0019.jpg,train
fabricnet_0019_aug_3_slight_blur.jpg,85,fabricnet,slight_blur,fabricnet_0019.jpg,train
fabricnet_0019_aug_4_zoom_in.jpg,85,fabricnet,zoom_in,fabricnet_0019.jpg,train
fabricnet_0019_aug_5_vertical_flip.jpg,85,fabricnet,vertical_flip,fabricnet_0019.jpg,train
fabricnet_0020.jpg,85,fabricnet,original,fabricnet_0020.jpg,train
fabricnet_0020_aug_1_gaussian_noise.jpg,85,fabricnet,gaussian_noise,fabricnet_0020.jpg,train
fabricnet_0020_aug_2_slight_blur.jpg,85,fabricnet,slight_blur,fabricnet_0020.jpg,train
fabricnet_0020_aug_3_rotate_90.jpg,85,fabricnet,rotate_90,fabricnet_0020.jpg,train
fabricnet_0020_aug_4_contrast_down.jpg,85,fabricnet,contrast_down,fabricnet_0020.jpg,train
fabricnet_0020_aug_5_rotate_180.jpg,85,fabricnet,rotate_180,fabricnet_0020.jpg,train
fabricnet_0021.jpg,85,fabricnet,original,fabricnet_0021.jpg,train
fabricnet_0021_aug_1_rotate_90.jpg,85,fabricnet,rotate_90,fabricnet_0021.jpg,train
fabricnet_0021_aug_2_contrast_up.jpg,85,fabricnet,contrast_up,fabricnet_0021.jpg,train
fabricnet_0021_aug_3_brightness_down.jpg,85,fabricnet,brightness_down,fabricnet_0021.jpg,train
fabricnet_0021_aug_4_rotate_270.jpg,85,fabricnet,rotate_270,fabricnet_0021.jpg,train
fabricnet_0021_aug_5_slight_blur.jpg,85,fabricnet,slight_blur,fabricnet_0021.jpg,train
fabricnet_0022.jpg,175,fabricnet,original,fabricnet_0022.jpg,train
fabricnet_0022_aug_1_sharpen.jpg,175,fabricnet,sharpen,fabricnet_0022.jpg,train
fabricnet_0022_aug_2_contrast_down.jpg,175,fabricnet,contrast_down,fabricnet_0022.jpg,train
fabricnet_0022_aug_3_rotate_180.jpg,175,fabricnet,rotate_180,fabricnet_0022.jpg,train
fabricnet_0022_aug_4_slight_blur.jpg,175,fabricnet,slight_blur,fabricnet_0022.jpg,train
fabricnet_0022_aug_5_brightness_up.jpg,175,fabricnet,brightness_up,fabricnet_0022.jpg,train
fabricnet_0023.jpg,175,fabricnet,original,fabricnet_0023.jpg,train
fabricnet_0023_aug_1_zoom_out.jpg,175,fabricnet,zoom_out,fabricnet_0023.jpg,train
fabricnet_0023_aug_2_zoom_in.jpg,175,fabricnet,zoom_in,fabricnet_0023.jpg,train
fabricnet_0023_aug_3_gamma_correction.jpg,175,fabricnet,gamma_correction,fabricnet_0023.jpg,train
fabricnet_0023_aug_4_horizontal_flip.jpg,175,fabricnet,horizontal_flip,fabricnet_0023.jpg,train
fabricnet_0023_aug_5_rotate_180.jpg,175,fabricnet,rotate_180,fabricnet_0023.jpg,train
fabricnet_0024.jpg,175,fabricnet,original,fabricnet_0024.jpg,test
fabricnet_0024_aug_1_zoom_out.jpg,175,fabricnet,zoom_out,fabricnet_0024.jpg,test
fabricnet_0024_aug_2_horizontal_flip.jpg,175,fabricnet,horizontal_flip,fabricnet_0024.jpg,test
fabricnet_0024_aug_3_zoom_in.jpg,175,fabricnet,zoom_in,fabricnet_0024.jpg,test
fabricnet_0024_aug_4_brightness_up.jpg,175,fabricnet,brightness_up,fabricnet_0024.jpg,test
fabricnet_0024_aug_5_brightness_down.jpg,175,fabricnet,brightness_down,fabricnet_0024.jpg,test
fabricnet_0025.jpg,175,fabricnet,original,fabricnet_0025.jpg,train
fabricnet_0025_aug_1_rotate_270.jpg,175,fabricnet,rotate_270,fabricnet_0025.jpg,train
fabricnet_0025_aug_2_vertical_flip.jpg,175,fabricnet,vertical_flip,fabricnet_0025.jpg,train
fabricnet_0025_aug_3_rotate_180.jpg,175,fabricnet,rotate_180,fabricnet_0025.jpg,train
fabricnet_0025_aug_4_gaussian_noise.jpg,175,fabricnet,gaussian_noise,fabricnet_0025.jpg,train
fabricnet_0025_aug_5_brightness_up.jpg,175,fabricnet,brightness_up,fabricnet_0025.jpg,train
fabricnet_0026.jpg,175,fabricnet,original,fabricnet_0026.jpg,val
fabricnet_0026_aug_1_rotate_180.jpg,175,fabricnet,rotate_180,fabricnet_0026.jpg,val
fabricnet_0026_aug_2_slight_blur.jpg,175,fabricnet,slight_blur,fabricnet_0026.jpg,val
fabricnet_0026_aug_3_contrast_up.jpg,175,fabricnet,contrast_up,fabricnet_0026.jpg,val
fabricnet_0026_aug_4_brightness_down.jpg,175,fabricnet,brightness_down,fabricnet_0026.jpg,val
fabricnet_0026_aug_5_zoom_out.jpg,175,fabricnet,zoom_out,fabricnet_0026.jpg,val
fabricnet_0027.jpg,110,fabricnet,original,fabricnet_0027.jpg,test
fabricnet_0027_aug_1_contrast_up.jpg,110,fabricnet,contrast_up,fabricnet_0027.jpg,test
fabricnet_0027_aug_2_rotate_90.jpg,110,fabricnet,rotate_90,fabricnet_0027.jpg,test
fabricnet_0027_aug_3_rotate_270.jpg,110,fabricnet,rotate_270,fabricnet_0027.jpg,test
fabricnet_0027_aug_4_zoom_out.jpg,110,fabricnet,zoom_out,fabricnet_0027.jpg,test
fabricnet_0027_aug_5_rotate_180.jpg,110,fabricnet,rotate_180,fabricnet_0027.jpg,test
fabricnet_0028.jpg,110,fabricnet,original,fabricnet_0028.jpg,train
fabricnet_0028_aug_1_sharpen.jpg,110,fabricnet,sharpen,fabricnet_0028.jpg,train
fabricnet_0028_aug_2_contrast_down.jpg,110,fabricnet,contrast_down,fabricnet_0028.jpg,train
fabricnet_0028_aug_3_zoom_out.jpg,110,fabricnet,zoom_out,fabricnet_0028.jpg,train
fabricnet_0028_aug_4_rotate_270.jpg,110,fabricnet,rotate_270,fabricnet_0028.jpg,train
fabricnet_0028_aug_5_gaussian_noise.jpg,110,fabricnet,gaussian_noise,fabricnet_0028.jpg,train
fabricnet_0029.jpg,110,fabricnet,original,fabricnet_0029.jpg,train
fabricnet_0029_aug_1_brightness_down.jpg,110,fabricnet,brightness_down,fabricnet_0029.jpg,train
fabricnet_0029_aug_2_gaussian_noise.jpg,110,fabricnet,gaussian_noise,fabricnet_0029.jpg,train
fabricnet_0029_aug_3_gamma_correction.jpg,110,fabricnet,gamma_correction,fabricnet_0029.jpg,train
fabricnet_0029_aug_4_brightness_up.jpg,110,fabricnet,brightness_up,fabricnet_0029.jpg,train
fabricnet_0029_aug_5_rotate_180.jpg,110,fabricnet,rotate_180,fabricnet_0029.jpg,train
fabricnet_0030.jpg,110,fabricnet,original,fabricnet_0030.jpg,train
fabricnet_0030_aug_1_rotate_90.jpg,110,fabricnet,rotate_90,fabricnet_0030.jpg,train
fabricnet_0030_aug_2_contrast_down.jpg,110,fabricnet,contrast_down,fabricnet_0030.jpg,train
fabricnet_0030_aug_3_contrast_up.jpg,110,fabricnet,contrast_up,fabricnet_0030.jpg,train
fabricnet_0030_aug_4_vertical_flip.jpg,110,fabricnet,vertical_flip,fabricnet_0030.jpg,train
fabricnet_0030_aug_5_horizontal_flip.jpg,110,fabricnet,horizontal_flip,fabricnet_0030.jpg,train
fabricnet_0031.jpg,110,fabricnet,original,fabricnet_0031.jpg,train
fabricnet_0031_aug_1_zoom_out.jpg,110,fabricnet,zoom_out,fabricnet_0031.jpg,train
fabricnet_0031_aug_2_vertical_flip.jpg,110,fabricnet,vertical_flip,fabricnet_0031.jpg,train
fabricnet_0031_aug_3_rotate_90.jpg,110,fabricnet,rotate_90,fabricnet_0031.jpg,train
fabricnet_0031_aug_4_slight_blur.jpg,110,fabricnet,slight_blur,fabricnet_0031.jpg,train
fabricnet_0031_aug_5_zoom_in.jpg,110,fabricnet,zoom_in,fabricnet_0031.jpg,train
fabricnet_0032.jpg,135,fabricnet,original,fabricnet_0032.jpg,train
fabricnet_0032_aug_1_zoom_in.jpg,135,fabricnet,zoom_in,fabricnet_0032.jpg,train
fabricnet_0032_aug_2_slight_blur.jpg,135,fabricnet,slight_blur,fabricnet_0032.jpg,train
fabricnet_0032_aug_3_brightness_down.jpg,135,fabricnet,brightness_down,fabricnet_0032.jpg,train
fabricnet_0032_aug_4_gaussian_noise.jpg,135,fabricnet,gaussian_noise,fabricnet_0032.jpg,train
fabricnet_0032_aug_5_vertical_flip.jpg,135,fabricnet,vertical_flip,fabricnet_0032.jpg,train
fabricnet_0033.jpg,135,fabricnet,original,fabricnet_0033.jpg,train
fabricnet_0033_aug_1_brightness_down.jpg,135,fabricnet,brightness_down,fabricnet_0033.jpg,train
fabricnet_0033_aug_2_gamma_correction.jpg,135,fabricnet,gamma_correction,fabricnet_0033.jpg,train
fabricnet_0033_aug_3_gaussian_noise.jpg,135,fabricnet,gaussian_noise,fabricnet_0033.jpg,train
fabricnet_0033_aug_4_contrast_up.jpg,135,fabricnet,contrast_up,fabricnet_0033.jpg,train
fabricnet_0033_aug_5_contrast_down.jpg,135,fabricnet,contrast_down,fabricnet_0033.jpg,train
fabricnet_0034.jpg,135,fabricnet,original,fabricnet_0034.jpg,train
fabricnet_0034_aug_1_rotate_270.jpg,135,fabricnet,rotate_270,fabricnet_0034.jpg,train
fabricnet_0034_aug_2_contrast_down.jpg,135,fabricnet,contrast_down,fabricnet_0034.jpg,train
fabricnet_0034_aug_3_horizontal_flip.jpg,135,fabricnet,horizontal_flip,fabricnet_0034.jpg,train
fabricnet_0034_aug_4_slight_blur.jpg,135,fabricnet,slight_blur,fabricnet_0034.jpg,train
fabricnet_0034_aug_5_vertical_flip.jpg,135,fabricnet,vertical_flip,fabricnet_0034.jpg,train
fabricnet_0035.jpg,135,fabricnet,original,fabricnet_0035.jpg,train
fabricnet_0035_aug_1_slight_blur.jpg,135,fabricnet,slight_blur,fabricnet_0035.jpg,train
fabricnet_0035_aug_2_contrast_down.jpg,135,fabricnet,contrast_down,fabricnet_0035.jpg,train
fabricnet_0035_aug_3_zoom_in.jpg,135,fabricnet,zoom_in,fabricnet_0035.jpg,train
fabricnet_0035_aug_4_rotate_270.jpg,135,fabricnet,rotate_270,fabricnet_0035.jpg,train
fabricnet_0035_aug_5_gamma_correction.jpg,135,fabricnet,gamma_correction,fabricnet_0035.jpg,train
fabricnet_0036.jpg,135,fabricnet,original,fabricnet_0036.jpg,train
fabricnet_0036_aug_1_brightness_up.jpg,135,fabricnet,brightness_up,fabricnet_0036.jpg,train
fabricnet_0036_aug_2_vertical_flip.jpg,135,fabricnet,vertical_flip,fabricnet_0036.jpg,train
fabricnet_0036_aug_3_rotate_270.jpg,135,fabricnet,rotate_270,fabricnet_0036.jpg,train
fabricnet_0036_aug_4_brightness_down.jpg,135,fabricnet,brightness_down,fabricnet_0036.jpg,train
fabricnet_0036_aug_5_rotate_90.jpg,135,fabricnet,rotate_90,fabricnet_0036.jpg,train
fabricnet_0037.jpg,105,fabricnet,original,fabricnet_0037.jpg,test
fabricnet_0037_aug_1_contrast_up.jpg,105,fabricnet,contrast_up,fabricnet_0037.jpg,test
fabricnet_0037_aug_2_horizontal_flip.jpg,105,fabricnet,horizontal_flip,fabricnet_0037.jpg,test
fabricnet_0037_aug_3_sharpen.jpg,105,fabricnet,sharpen,fabricnet_0037.jpg,test
fabricnet_0037_aug_4_zoom_in.jpg,105,fabricnet,zoom_in,fabricnet_0037.jpg,test
fabricnet_0037_aug_5_rotate_270.jpg,105,fabricnet,rotate_270,fabricnet_0037.jpg,test
fabricnet_0038.jpg,105,fabricnet,original,fabricnet_0038.jpg,train
fabricnet_0038_aug_1_contrast_down.jpg,105,fabricnet,contrast_down,fabricnet_0038.jpg,train
fabricnet_0038_aug_2_zoom_in.jpg,105,fabricnet,zoom_in,fabricnet_0038.jpg,train
fabricnet_0038_aug_3_rotate_90.jpg,105,fabricnet,rotate_90,fabricnet_0038.jpg,train
fabricnet_0038_aug_4_gamma_correction.jpg,105,fabricnet,gamma_correction,fabricnet_0038.jpg,train
fabricnet_0038_aug_5_vertical_flip.jpg,105,fabricnet,vertical_flip,fabricnet_0038.jpg,train
fabricnet_0039.jpg,105,fabricnet,original,fabricnet_0039.jpg,train
fabricnet_0039_aug_1_zoom_out.jpg,105,fabricnet,zoom_out,fabricnet_0039.jpg,train
fabricnet_0039_aug_2_slight_blur.jpg,105,fabricnet,slight_blur,fabricnet_0039.jpg,train
fabricnet_0039_aug_3_rotate_270.jpg,105,fabricnet,rotate_270,fabricnet_0039.jpg,train
fabricnet_0039_aug_4_gamma_correction.jpg,105,fabricnet,gamma_correction,fabricnet_0039.jpg,train
fabricnet_0039_aug_5_contrast_down.jpg,105,fabricnet,contrast_down,fabricnet_0039.jpg,train
fabricnet_0040.jpg,105,fabricnet,original,fabricnet_0040.jpg,train
fabricnet_0040_aug_1_gaussian_noise.jpg,105,fabricnet,gaussian_noise,fabricnet_0040.jpg,train
fabricnet_0040_aug_2_rotate_180.jpg,105,fabricnet,rotate_180,fabricnet_0040.jpg,train
fabricnet_0040_aug_3_rotate_90.jpg,105,fabricnet,rotate_90,fabricnet_0040.jpg,train
fabricnet_0040_aug_4_brightness_up.jpg,105,fabricnet,brightness_up,fabricnet_0040.jpg,train
fabricnet_0040_aug_5_zoom_in.jpg,105,fabricnet,zoom_in,fabricnet_0040.jpg,train
fabricnet_0041.jpg,105,fabricnet,original,fabricnet_0041.jpg,train
fabricnet_0041_aug_1_contrast_down.jpg,105,fabricnet,contrast_down,fabricnet_0041.jpg,train
fabricnet_0041_aug_2_zoom_in.jpg,105,fabricnet,zoom_in,fabricnet_0041.jpg,train
fabricnet_0041_aug_3_gamma_correction.jpg,105,fabricnet,gamma_correction,fabricnet_0041.jpg,train
fabricnet_0041_aug_4_horizontal_flip.jpg,105,fabricnet,horizontal_flip,fabricnet_0041.jpg,train
fabricnet_0041_aug_5_gaussian_noise.jpg,105,fabricnet,gaussian_noise,fabricnet_0041.jpg,train
fabricnet_0042.jpg,150,fabricnet,original,fabricnet_0042.jpg,train
fabricnet_0042_aug_1_brightness_up.jpg,150,fabricnet,brightness_up,fabricnet_0042.jpg,train
fabricnet_0042_aug_2_contrast_up.jpg,150,fabricnet,contrast_up,fabricnet_0042.jpg,train
fabricnet_0042_aug_3_horizontal_flip.jpg,150,fabricnet,horizontal_flip,fabricnet_0042.jpg,train
fabricnet_0042_aug_4_vertical_flip.jpg,150,fabricnet,vertical_flip,fabricnet_0042.jpg,train
fabricnet_0042_aug_5_gamma_correction.jpg,150,fabricnet,gamma_correction,fabricnet_0042.jpg,train
fabricnet_0043.jpg,150,fabricnet,original,fabricnet_0043.jpg,train
fabricnet_0043_aug_1_gamma_correction.jpg,150,fabricnet,gamma_correction,fabricnet_0043.jpg,train
fabricnet_0043_aug_2_zoom_out.jpg,150,fabricnet,zoom_out,fabricnet_0043.jpg,train
fabricnet_0043_aug_3_zoom_in.jpg,150,fabricnet,zoom_in,fabricnet_0043.jpg,train
fabricnet_0043_aug_4_rotate_270.jpg,150,fabricnet,rotate_270,fabricnet_0043.jpg,train
fabricnet_0043_aug_5_rotate_180.jpg,150,fabricnet,rotate_180,fabricnet_0043.jpg,train
fabricnet_0044.jpg,150,fabricnet,original,fabricnet_0044.jpg,train
fabricnet_0044_aug_1_horizontal_flip.jpg,150,fabricnet,horizontal_flip,fabricnet_0044.jpg,train
fabricnet_0044_aug_2_rotate_180.jpg,150,fabricnet,rotate_180,fabricnet_0044.jpg,train
fabricnet_0044_aug_3_gaussian_noise.jpg,150,fabricnet,gaussian_noise,fabricnet_0044.jpg,train
fabricnet_0044_aug_4_vertical_flip.jpg,150,fabricnet,vertical_flip,fabricnet_0044.jpg,train
fabricnet_0044_aug_5_sharpen.jpg,150,fabricnet,sharpen,fabricnet_0044.jpg,train
fabricnet_0045.jpg,150,fabricnet,original,fabricnet_0045.jpg,val
fabricnet_0045_aug_1_sharpen.jpg,150,fabricnet,sharpen,fabricnet_0045.jpg,val
fabricnet_0045_aug_2_contrast_up.jpg,150,fabricnet,contrast_up,fabricnet_0045.jpg,val
fabricnet_0045_aug_3_vertical_flip.jpg,150,fabricnet,vertical_flip,fabricnet_0045.jpg,val
fabricnet_0045_aug_4_contrast_down.jpg,150,fabricnet,contrast_down,fabricnet_0045.jpg,val
fabricnet_0045_aug_5_rotate_90.jpg,150,fabricnet,rotate_90,fabricnet_0045.jpg,val
fabricnet_0046.jpg,150,fabricnet,original,fabricnet_0046.jpg,train
fabricnet_0046_aug_1_rotate_90.jpg,150,fabricnet,rotate_90,fabricnet_0046.jpg,train
fabricnet_0046_aug_2_slight_blur.jpg,150,fabricnet,slight_blur,fabricnet_0046.jpg,train
fabricnet_0046_aug_3_contrast_up.jpg,150,fabricnet,contrast_up,fabricnet_0046.jpg,train
fabricnet_0046_aug_4_contrast_down.jpg,150,fabricnet,contrast_down,fabricnet_0046.jpg,train
fabricnet_0046_aug_5_gamma_correction.jpg,150,fabricnet,gamma_correction,fabricnet_0046.jpg,train
fabricnet_0047.jpg,105,fabricnet,original,fabricnet_0047.jpg,val
fabricnet_0047_aug_1_rotate_270.jpg,105,fabricnet,rotate_270,fabricnet_0047.jpg,val
fabricnet_0047_aug_2_contrast_down.jpg,105,fabricnet,contrast_down,fabricnet_0047.jpg,val
fabricnet_0047_aug_3_gaussian_noise.jpg,105,fabricnet,gaussian_noise,fabricnet_0047.jpg,val
fabricnet_0047_aug_4_brightness_down.jpg,105,fabricnet,brightness_down,fabricnet_0047.jpg,val
fabricnet_0047_aug_5_rotate_180.jpg,105,fabricnet,rotate_180,fabricnet_0047.jpg,val
fabricnet_0048.jpg,105,fabricnet,original,fabricnet_0048.jpg,train
fabricnet_0048_aug_1_gamma_correction.jpg,105,fabricnet,gamma_correction,fabricnet_0048.jpg,train
fabricnet_0048_aug_2_contrast_down.jpg,105,fabricnet,contrast_down,fabricnet_0048.jpg,train
fabricnet_0048_aug_3_zoom_in.jpg,105,fabricnet,zoom_in,fabricnet_0048.jpg,train
fabricnet_0048_aug_4_sharpen.jpg,105,fabricnet,sharpen,fabricnet_0048.jpg,train
fabricnet_0048_aug_5_rotate_180.jpg,105,fabricnet,rotate_180,fabricnet_0048.jpg,train
fabricnet_0049.jpg,105,fabricnet,original,fabricnet_0049.jpg,train
fabricnet_0049_aug_1_sharpen.jpg,105,fabricnet,sharpen,fabricnet_0049.jpg,train
fabricnet_0049_aug_2_rotate_270.jpg,105,fabricnet,rotate_270,fabricnet_0049.jpg,train
fabricnet_0049_aug_3_brightness_down.jpg,105,fabricnet,brightness_down,fabricnet_0049.jpg,train
fabricnet_0049_aug_4_slight_blur.jpg,105,fabricnet,slight_blur,fabricnet_0049.jpg,train
fabricnet_0049_aug_5_gamma_correction.jpg,105,fabricnet,gamma_correction,fabricnet_0049.jpg,train
fabricnet_0050.jpg,105,fabricnet,original,fabricnet_0050.jpg,train
fabricnet_0050_aug_1_brightness_up.jpg,105,fabricnet,brightness_up,fabricnet_0050.jpg,train
fabricnet_0050_aug_2_contrast_up.jpg,105,fabricnet,contrast_up,fabricnet_0050.jpg,train
fabricnet_0050_aug_3_contrast_down.jpg,105,fabricnet,contrast_down,fabricnet_0050.jpg,train
fabricnet_0050_aug_4_zoom_out.jpg,105,fabricnet,zoom_out,fabricnet_0050.jpg,train
fabricnet_0050_aug_5_vertical_flip.jpg,105,fabricnet,vertical_flip,fabricnet_0050.jpg,train
fabricnet_0051.jpg,105,fabricnet,original,fabricnet_0051.jpg,test
fabricnet_0051_aug_1_rotate_180.jpg,105,fabricnet,rotate_180,fabricnet_0051.jpg,test
fabricnet_0051_aug_2_gamma_correction.jpg,105,fabricnet,gamma_correction,fabricnet_0051.jpg,test
fabricnet_0051_aug_3_vertical_flip.jpg,105,fabricnet,vertical_flip,fabricnet_0051.jpg,test
fabricnet_0051_aug_4_brightness_up.jpg,105,fabricnet,brightness_up,fabricnet_0051.jpg,test
fabricnet_0051_aug_5_horizontal_flip.jpg,105,fabricnet,horizontal_flip,fabricnet_0051.jpg,test
fabricnet_0052.jpg,165,fabricnet,original,fabricnet_0052.jpg,val
fabricnet_0052_aug_1_gaussian_noise.jpg,165,fabricnet,gaussian_noise,fabricnet_0052.jpg,val
fabricnet_0052_aug_2_contrast_down.jpg,165,fabricnet,contrast_down,fabricnet_0052.jpg,val
fabricnet_0052_aug_3_rotate_180.jpg,165,fabricnet,rotate_180,fabricnet_0052.jpg,val
fabricnet_0052_aug_4_gamma_correction.jpg,165,fabricnet,gamma_correction,fabricnet_0052.jpg,val
fabricnet_0052_aug_5_zoom_in.jpg,165,fabricnet,zoom_in,fabricnet_0052.jpg,val
fabricnet_0053.jpg,165,fabricnet,original,fabricnet_0053.jpg,train
fabricnet_0053_aug_1_horizontal_flip.jpg,165,fabricnet,horizontal_flip,fabricnet_0053.jpg,train
fabricnet_0053_aug_2_vertical_flip.jpg,165,fabricnet,vertical_flip,fabricnet_0053.jpg,train
fabricnet_0053_aug_3_sharpen.jpg,165,fabricnet,sharpen,fabricnet_0053.jpg,train
fabricnet_0053_aug_4_slight_blur.jpg,165,fabricnet,slight_blur,fabricnet_0053.jpg,train
fabricnet_0053_aug_5_gamma_correction.jpg,165,fabricnet,gamma_correction,fabricnet_0053.jpg,train
fabricnet_0054.jpg,165,fabricnet,original,fabricnet_0054.jpg,val
fabricnet_0054_aug_1_rotate_180.jpg,165,fabricnet,rotate_180,fabricnet_0054.jpg,val
fabricnet_0054_aug_2_vertical_flip.jpg,165,fabricnet,vertical_flip,fabricnet_0054.jpg,val
fabricnet_0054_aug_3_horizontal_flip.jpg,165,fabricnet,horizontal_flip,fabricnet_0054.jpg,val
fabricnet_0054_aug_4_brightness_up.jpg,165,fabricnet,brightness_up,fabricnet_0054.jpg,val
fabricnet_0054_aug_5_zoom_out.jpg,165,fabricnet,zoom_out,fabricnet_0054.jpg,val
fabricnet_0055.jpg,165,fabricnet,original,fabricnet_0055.jpg,train
fabricnet_0055_aug_1_contrast_down.jpg,165,fabricnet,contrast_down,fabricnet_0055.jpg,train
fabricnet_0055_aug_2_rotate_180.jpg,165,fabricnet,rotate_180,fabricnet_0055.jpg,train
fabricnet_0055_aug_3_rotate_270.jpg,165,fabricnet,rotate_270,fabricnet_0055.jpg,train
fabricnet_0055_aug_4_slight_blur.jpg,165,fabricnet,slight_blur,fabricnet_0055.jpg,train
fabricnet_0055_aug_5_contrast_up.jpg,165,fabricnet,contrast_up,fabricnet_0055.jpg,train
fabricnet_0056.jpg,165,fabricnet,original,fabricnet_0056.jpg,test
fabricnet_0056_aug_1_rotate_180.jpg,165,fabricnet,rotate_180,fabricnet_0056.jpg,test
fabricnet_0056_aug_2_contrast_down.jpg,165,fabricnet,contrast_down,fabricnet_0056.jpg,test
fabricnet_0056_aug_3_rotate_90.jpg,165,fabricnet,rotate_90,fabricnet_0056.jpg,test
fabricnet_0056_aug_4_sharpen.jpg,165,fabricnet,sharpen,fabricnet_0056.jpg,test
fabricnet_0056_aug_5_gaussian_noise.jpg,165,fabricnet,gaussian_noise,fabricnet_0056.jpg,test
fabricnet_0057.jpg,200,fabricnet,original,fabricnet_0057.jpg,test
fabricnet_0057_aug_1_gaussian_noise.jpg,200,fabricnet,gaussian_noise,fabricnet_0057.jpg,test
fabricnet_0057_aug_2_contrast_up.jpg,200,fabricnet,contrast_up,fabricnet_0057.jpg,test
fabricnet_0057_aug_3_rotate_180.jpg,200,fabricnet,rotate_180,fabricnet_0057.jpg,test
fabricnet_0057_aug_4_zoom_out.jpg,200,fabricnet,zoom_out,fabricnet_0057.jpg,test
fabricnet_0057_aug_5_brightness_down.jpg,200,fabricnet,brightness_down,fabricnet_0057.jpg,test
fabricnet_0058.jpg,200,fabricnet,original,fabricnet_0058.jpg,test
fabricnet_0058_aug_1_rotate_180.jpg,200,fabricnet,rotate_180,fabricnet_0058.jpg,test
fabricnet_0058_aug_2_vertical_flip.jpg,200,fabricnet,vertical_flip,fabricnet_0058.jpg,test
fabricnet_0058_aug_3_zoom_out.jpg,200,fabricnet,zoom_out,fabricnet_0058.jpg,test
fabricnet_0058_aug_4_slight_blur.jpg,200,fabricnet,slight_blur,fabricnet_0058.jpg,test
fabricnet_0058_aug_5_brightness_down.jpg,200,fabricnet,brightness_down,fabricnet_0058.jpg,test
fabricnet_0059.jpg,200,fabricnet,original,fabricnet_0059.jpg,train
fabricnet_0059_aug_1_brightness_up.jpg,200,fabricnet,brightness_up,fabricnet_0059.jpg,train
fabricnet_0059_aug_2_brightness_down.jpg,200,fabricnet,brightness_down,fabricnet_0059.jpg,train
fabricnet_0059_aug_3_zoom_out.jpg,200,fabricnet,zoom_out,fabricnet_0059.jpg,train
fabricnet_0059_aug_4_contrast_up.jpg,200,fabricnet,contrast_up,fabricnet_0059.jpg,train
fabricnet_0059_aug_5_horizontal_flip.jpg,200,fabricnet,horizontal_flip,fabricnet_0059.jpg,train
fabricnet_0060.jpg,200,fabricnet,original,fabricnet_0060.jpg,train
fabricnet_0060_aug_1_slight_blur.jpg,200,fabricnet,slight_blur,fabricnet_0060.jpg,train
fabricnet_0060_aug_2_gamma_correction.jpg,200,fabricnet,gamma_correction,fabricnet_0060.jpg,train
fabricnet_0060_aug_3_zoom_out.jpg,200,fabricnet,zoom_out,fabricnet_0060.jpg,train
fabricnet_0060_aug_4_vertical_flip.jpg,200,fabricnet,vertical_flip,fabricnet_0060.jpg,train
fabricnet_0060_aug_5_horizontal_flip.jpg,200,fabricnet,horizontal_flip,fabricnet_0060.jpg,train
fabricnet_0061.jpg,200,fabricnet,original,fabricnet_0061.jpg,train
fabricnet_0061_aug_1_brightness_down.jpg,200,fabricnet,brightness_down,fabricnet_0061.jpg,train
fabricnet_0061_aug_2_sharpen.jpg,200,fabricnet,sharpen,fabricnet_0061.jpg,train
fabricnet_0061_aug_3_brightness_up.jpg,200,fabricnet,brightness_up,fabricnet_0061.jpg,train
fabricnet_0061_aug_4_vertical_flip.jpg,200,fabricnet,vertical_flip,fabricnet_0061.jpg,train
fabricnet_0061_aug_5_rotate_180.jpg,200,fabricnet,rotate_180,fabricnet_0061.jpg,train
fabricnet_0062.jpg,150,fabricnet,original,fabricnet_0062.jpg,train
fabricnet_0062_aug_1_rotate_180.jpg,150,fabricnet,rotate_180,fabricnet_0062.jpg,train
fabricnet_0062_aug_2_gamma_correction.jpg,150,fabricnet,gamma_correction,fabricnet_0062.jpg,train
fabricnet_0062_aug_3_contrast_down.jpg,150,fabricnet,contrast_down,fabricnet_0062.jpg,train
fabricnet_0062_aug_4_contrast_up.jpg,150,fabricnet,contrast_up,fabricnet_0062.jpg,train
fabricnet_0062_aug_5_rotate_90.jpg,150,fabricnet,rotate_90,fabricnet_0062.jpg,train
fabricnet_0063.jpg,150,fabricnet,original,fabricnet_0063.jpg,train
fabricnet_0063_aug_1_brightness_down.jpg,150,fabricnet,brightness_down,fabricnet_0063.jpg,train
fabricnet_0063_aug_2_rotate_90.jpg,150,fabricnet,rotate_90,fabricnet_0063.jpg,train
fabricnet_0063_aug_3_rotate_270.jpg,150,fabricnet,rotate_270,fabricnet_0063.jpg,train
fabricnet_0063_aug_4_contrast_up.jpg,150,fabricnet,contrast_up,fabricnet_0063.jpg,train
fabricnet_0063_aug_5_rotate_180.jpg,150,fabricnet,rotate_180,fabricnet_0063.jpg,train
fabricnet_0064.jpg,150,fabricnet,original,fabricnet_0064.jpg,train
fabricnet_0064_aug_1_zoom_out.jpg,150,fabricnet,zoom_out,fabricnet_0064.jpg,train
fabricnet_0064_aug_2_vertical_flip.jpg,150,fabricnet,vertical_flip,fabricnet_0064.jpg,train
fabricnet_0064_aug_3_contrast_up.jpg,150,fabricnet,contrast_up,fabricnet_0064.jpg,train
fabricnet_0064_aug_4_contrast_down.jpg,150,fabricnet,contrast_down,fabricnet_0064.jpg,train
fabricnet_0064_aug_5_gamma_correction.jpg,150,fabricnet,gamma_correction,fabricnet_0064.jpg,train
fabricnet_0065.jpg,150,fabricnet,original,fabricnet_0065.jpg,val
fabricnet_0065_aug_1_horizontal_flip.jpg,150,fabricnet,horizontal_flip,fabricnet_0065.jpg,val
fabricnet_0065_aug_2_slight_blur.jpg,150,fabricnet,slight_blur,fabricnet_0065.jpg,val
fabricnet_0065_aug_3_contrast_down.jpg,150,fabricnet,contrast_down,fabricnet_0065.jpg,val
fabricnet_0065_aug_4_gamma_correction.jpg,150,fabricnet,gamma_correction,fabricnet_0065.jpg,val
fabricnet_0065_aug_5_vertical_flip.jpg,150,fabricnet,vertical_flip,fabricnet_0065.jpg,val
fabricnet_0066.jpg,150,fabricnet,original,fabricnet_0066.jpg,test
fabricnet_0066_aug_1_gamma_correction.jpg,150,fabricnet,gamma_correction,fabricnet_0066.jpg,test
fabricnet_0066_aug_2_zoom_in.jpg,150,fabricnet,zoom_in,fabricnet_0066.jpg,test
fabricnet_0066_aug_3_rotate_180.jpg,150,fabricnet,rotate_180,fabricnet_0066.jpg,test
fabricnet_0066_aug_4_rotate_90.jpg,150,fabricnet,rotate_90,fabricnet_0066.jpg,test
fabricnet_0066_aug_5_brightness_down.jpg,150,fabricnet,brightness_down,fabricnet_0066.jpg,test
fabricnet_0067.jpg,120,fabricnet,original,fabricnet_0067.jpg,train
fabricnet_0067_aug_1_contrast_up.jpg,120,fabricnet,contrast_up,fabricnet_0067.jpg,train
fabricnet_0067_aug_2_gamma_correction.jpg,120,fabricnet,gamma_correction,fabricnet_0067.jpg,train
fabricnet_0067_aug_3_rotate_180.jpg,120,fabricnet,rotate_180,fabricnet_0067.jpg,train
fabricnet_0067_aug_4_brightness_down.jpg,120,fabricnet,brightness_down,fabricnet_0067.jpg,train
fabricnet_0067_aug_5_horizontal_flip.jpg,120,fabricnet,horizontal_flip,fabricnet_0067.jpg,train
fabricnet_0068.jpg,120,fabricnet,original,fabricnet_0068.jpg,train
fabricnet_0068_aug_1_rotate_90.jpg,120,fabricnet,rotate_90,fabricnet_0068.jpg,train
fabricnet_0068_aug_2_brightness_down.jpg,120,fabricnet,brightness_down,fabricnet_0068.jpg,train
fabricnet_0068_aug_3_horizontal_flip.jpg,120,fabricnet,horizontal_flip,fabricnet_0068.jpg,train
fabricnet_0068_aug_4_zoom_out.jpg,120,fabricnet,zoom_out,fabricnet_0068.jpg,train
fabricnet_0068_aug_5_rotate_270.jpg,120,fabricnet,rotate_270,fabricnet_0068.jpg,train
fabricnet_0069.jpg,120,fabricnet,original,fabricnet_0069.jpg,train
fabricnet_0069_aug_1_gamma_correction.jpg,120,fabricnet,gamma_correction,fabricnet_0069.jpg,train
fabricnet_0069_aug_2_zoom_in.jpg,120,fabricnet,zoom_in,fabricnet_0069.jpg,train
fabricnet_0069_aug_3_zoom_out.jpg,120,fabricnet,zoom_out,fabricnet_0069.jpg,train
fabricnet_0069_aug_4_contrast_up.jpg,120,fabricnet,contrast_up,fabricnet_0069.jpg,train
fabricnet_0069_aug_5_rotate_270.jpg,120,fabricnet,rotate_270,fabricnet_0069.jpg,train
fabricnet_0070.jpg,120,fabricnet,original,fabricnet_0070.jpg,train
fabricnet_0070_aug_1_brightness_down.jpg,120,fabricnet,brightness_down,fabricnet_0070.jpg,train
fabricnet_0070_aug_2_sharpen.jpg,120,fabricnet,sharpen,fabricnet_0070.jpg,train
fabricnet_0070_aug_3_zoom_out.jpg,120,fabricnet,zoom_out,fabricnet_0070.jpg,train
fabricnet_0070_aug_4_contrast_down.jpg,120,fabricnet,contrast_down,fabricnet_0070.jpg,train
fabricnet_0070_aug_5_slight_blur.jpg,120,fabricnet,slight_blur,fabricnet_0070.jpg,train
fabricnet_0071.jpg,120,fabricnet,original,fabricnet_0071.jpg,train
fabricnet_0071_aug_1_sharpen.jpg,120,fabricnet,sharpen,fabricnet_0071.jpg,train
fabricnet_0071_aug_2_contrast_up.jpg,120,fabricnet,contrast_up,fabricnet_0071.jpg,train
fabricnet_0071_aug_3_rotate_90.jpg,120,fabricnet,rotate_90,fabricnet_0071.jpg,train
fabricnet_0071_aug_4_rotate_180.jpg,120,fabricnet,rotate_180,fabricnet_0071.jpg,train
fabricnet_0071_aug_5_rotate_270.jpg,120,fabricnet,rotate_270,fabricnet_0071.jpg,train
fabricnet_0072.jpg,142,fabricnet,original,fabricnet_0072.jpg,train
fabricnet_0072_aug_1_rotate_180.jpg,142,fabricnet,rotate_180,fabricnet_0072.jpg,train
fabricnet_0072_aug_2_horizontal_flip.jpg,142,fabricnet,horizontal_flip,fabricnet_0072.jpg,train
fabricnet_0072_aug_3_gaussian_noise.jpg,142,fabricnet,gaussian_noise,fabricnet_0072.jpg,train
fabricnet_0072_aug_4_sharpen.jpg,142,fabricnet,sharpen,fabricnet_0072.jpg,train
fabricnet_0072_aug_5_contrast_down.jpg,142,fabricnet,contrast_down,fabricnet_0072.jpg,train
fabricnet_0073.jpg,142,fabricnet,original,fabricnet_0073.jpg,train
fabricnet_0073_aug_1_horizontal_flip.jpg,142,fabricnet,horizontal_flip,fabricnet_0073.jpg,train
fabricnet_0073_aug_2_sharpen.jpg,142,fabricnet,sharpen,fabricnet_0073.jpg,train
fabricnet_0073_aug_3_brightness_up.jpg,142,fabricnet,brightness_up,fabricnet_0073.jpg,train
fabricnet_0073_aug_4_gamma_correction.jpg,142,fabricnet,gamma_correction,fabricnet_0073.jpg,train
fabricnet_0073_aug_5_zoom_out.jpg,142,fabricnet,zoom_out,fabricnet_0073.jpg,train
fabricnet_0074.jpg,142,fabricnet,original,fabricnet_0074.jpg,train
fabricnet_0074_aug_1_gaussian_noise.jpg,142,fabricnet,gaussian_noise,fabricnet_0074.jpg,train
fabricnet_0074_aug_2_contrast_up.jpg,142,fabricnet,contrast_up,fabricnet_0074.jpg,train
fabricnet_0074_aug_3_contrast_down.jpg,142,fabricnet,contrast_down,fabricnet_0074.jpg,train
fabricnet_0074_aug_4_zoom_in.jpg,142,fabricnet,zoom_in,fabricnet_0074.jpg,train
fabricnet_0074_aug_5_rotate_90.jpg,142,fabricnet,rotate_90,fabricnet_0074.jpg,train
fabricnet_0075.jpg,142,fabricnet,original,fabricnet_0075.jpg,train
fabricnet_0075_aug_1_horizontal_flip.jpg,142,fabricnet,horizontal_flip,fabricnet_0075.jpg,train
fabricnet_0075_aug_2_contrast_down.jpg,142,fabricnet,contrast_down,fabricnet_0075.jpg,train
fabricnet_0075_aug_3_vertical_flip.jpg,142,fabricnet,vertical_flip,fabricnet_0075.jpg,train
fabricnet_0075_aug_4_rotate_90.jpg,142,fabricnet,rotate_90,fabricnet_0075.jpg,train
fabricnet_0075_aug_5_zoom_in.jpg,142,fabricnet,zoom_in,fabricnet_0075.jpg,train
fabricnet_0076.jpg,142,fabricnet,original,fabricnet_0076.jpg,train
fabricnet_0076_aug_1_gaussian_noise.jpg,142,fabricnet,gaussian_noise,fabricnet_0076.jpg,train
fabricnet_0076_aug_2_vertical_flip.jpg,142,fabricnet,vertical_flip,fabricnet_0076.jpg,train
fabricnet_0076_aug_3_slight_blur.jpg,142,fabricnet,slight_blur,fabricnet_0076.jpg,train
fabricnet_0076_aug_4_rotate_180.jpg,142,fabricnet,rotate_180,fabricnet_0076.jpg,train
fabricnet_0076_aug_5_brightness_down.jpg,142,fabricnet,brightness_down,fabricnet_0076.jpg,train
fabricnet_0077.jpg,100,fabricnet,original,fabricnet_0077.jpg,train
fabricnet_0077_aug_1_vertical_flip.jpg,100,fabricnet,vertical_flip,fabricnet_0077.jpg,train
fabricnet_0077_aug_2_gaussian_noise.jpg,100,fabricnet,gaussian_noise,fabricnet_0077.jpg,train
fabricnet_0077_aug_3_rotate_180.jpg,100,fabricnet,rotate_180,fabricnet_0077.jpg,train
fabricnet_0077_aug_4_zoom_out.jpg,100,fabricnet,zoom_out,fabricnet_0077.jpg,train
fabricnet_0077_aug_5_sharpen.jpg,100,fabricnet,sharpen,fabricnet_0077.jpg,train
fabricnet_0078.jpg,100,fabricnet,original,fabricnet_0078.jpg,train
fabricnet_0078_aug_1_horizontal_flip.jpg,100,fabricnet,horizontal_flip,fabricnet_0078.jpg,train
fabricnet_0078_aug_2_gaussian_noise.jpg,100,fabricnet,gaussian_noise,fabricnet_0078.jpg,train
fabricnet_0078_aug_3_vertical_flip.jpg,100,fabricnet,vertical_flip,fabricnet_0078.jpg,train
fabricnet_0078_aug_4_brightness_down.jpg,100,fabricnet,brightness_down,fabricnet_0078.jpg,train
fabricnet_0078_aug_5_slight_blur.jpg,100,fabricnet,slight_blur,fabricnet_0078.jpg,train
fabricnet_0079.jpg,100,fabricnet,original,fabricnet_0079.jpg,train
fabricnet_0079_aug_1_gaussian_noise.jpg,100,fabricnet,gaussian_noise,fabricnet_0079.jpg,train
fabricnet_0079_aug_2_gamma_correction.jpg,100,fabricnet,gamma_correction,fabricnet_0079.jpg,train
fabricnet_0079_aug_3_contrast_down.jpg,100,fabricnet,contrast_down,fabricnet_0079.jpg,train
fabricnet_0079_aug_4_brightness_up.jpg,100,fabricnet,brightness_up,fabricnet_0079.jpg,train
fabricnet_0079_aug_5_rotate_270.jpg,100,fabricnet,rotate_270,fabricnet_0079.jpg,train
fabricnet_0080.jpg,100,fabricnet,original,fabricnet_0080.jpg,train
fabricnet_0080_aug_1_rotate_180.jpg,100,fabricnet,rotate_180,fabricnet_0080.jpg,train
fabricnet_0080_aug_2_slight_blur.jpg,100,fabricnet,slight_blur,fabricnet_0080.jpg,train
fabricnet_0080_aug_3_sharpen.jpg,100,fabricnet,sharpen,fabricnet_0080.jpg,train
fabricnet_0080_aug_4_brightness_up.jpg,100,fabricnet,brightness_up,fabricnet_0080.jpg,train
fabricnet_0080_aug_5_gamma_correction.jpg,100,fabricnet,gamma_correction,fabricnet_0080.jpg,train
fabricnet_0081.jpg,100,fabricnet,original,fabricnet_0081.jpg,train
fabricnet_0081_aug_1_rotate_270.jpg,100,fabricnet,rotate_270,fabricnet_0081.jpg,train
fabricnet_0081_aug_2_brightness_down.jpg,100,fabricnet,brightness_down,fabricnet_0081.jpg,train
fabricnet_0081_aug_3_rotate_90.jpg,100,fabricnet,rotate_90,fabricnet_0081.jpg,train
fabricnet_0081_aug_4_slight_blur.jpg,100,fabricnet,slight_blur,fabricnet_0081.jpg,train
fabricnet_0081_aug_5_sharpen.jpg,100,fabricnet,sharpen,fabricnet_0081.jpg,train
fabricnet_0082.jpg,210,fabricnet,original,fabricnet_0082.jpg,val
fabricnet_0082_aug_1_rotate_270.jpg,210,fabricnet,rotate_270,fabricnet_0082.jpg,val
fabricnet_0082_aug_2_contrast_up.jpg,210,fabricnet,contrast_up,fabricnet_0082.jpg,val
fabricnet_0082_aug_3_brightness_up.jpg,210,fabricnet,brightness_up,fabricnet_0082.jpg,val
fabricnet_0082_aug_4_vertical_flip.jpg,210,fabricnet,vertical_flip,fabricnet_0082.jpg,val
fabricnet_0082_aug_5_horizontal_flip.jpg,210,fabricnet,horizontal_flip,fabricnet_0082.jpg,val
fabricnet_0083.jpg,210,fabricnet,original,fabricnet_0083.jpg,train
fabricnet_0083_aug_1_contrast_up.jpg,210,fabricnet,contrast_up,fabricnet_0083.jpg,train
fabricnet_0083_aug_2_gaussian_noise.jpg,210,fabricnet,gaussian_noise,fabricnet_0083.jpg,train
fabricnet_0083_aug_3_zoom_out.jpg,210,fabricnet,zoom_out,fabricnet_0083.jpg,train
fabricnet_0083_aug_4_vertical_flip.jpg,210,fabricnet,vertical_flip,fabricnet_0083.jpg,train
fabricnet_0083_aug_5_sharpen.jpg,210,fabricnet,sharpen,fabricnet_0083.jpg,train
fabricnet_0084.jpg,210,fabricnet,original,fabricnet_0084.jpg,train
fabricnet_0084_aug_1_contrast_down.jpg,210,fabricnet,contrast_down,fabricnet_0084.jpg,train
fabricnet_0084_aug_2_rotate_180.jpg,210,fabricnet,rotate_180,fabricnet_0084.jpg,train
fabricnet_0084_aug_3_gamma_correction.jpg,210,fabricnet,gamma_correction,fabricnet_0084.jpg,train
fabricnet_0084_aug_4_rotate_270.jpg,210,fabricnet,rotate_270,fabricnet_0084.jpg,train
fabricnet_0084_aug_5_rotate_90.jpg,210,fabricnet,rotate_90,fabricnet_0084.jpg,train
fabricnet_0085.jpg,210,fabricnet,original,fabricnet_0085.jpg,train
fabricnet_0085_aug_1_gamma_correction.jpg,210,fabricnet,gamma_correction,fabricnet_0085.jpg,train
fabricnet_0085_aug_2_brightness_up.jpg,210,fabricnet,brightness_up,fabricnet_0085.jpg,train
fabricnet_0085_aug_3_vertical_flip.jpg,210,fabricnet,vertical_flip,fabricnet_0085.jpg,train
fabricnet_0085_aug_4_rotate_180.jpg,210,fabricnet,rotate_180,fabricnet_0085.jpg,train
fabricnet_0085_aug_5_zoom_out.jpg,210,fabricnet,zoom_out,fabricnet_0085.jpg,train
fabricnet_0086.jpg,210,fabricnet,original,fabricnet_0086.jpg,val
fabricnet_0086_aug_1_rotate_270.jpg,210,fabricnet,rotate_270,fabricnet_0086.jpg,val
fabricnet_0086_aug_2_rotate_90.jpg,210,fabricnet,rotate_90,fabricnet_0086.jpg,val
fabricnet_0086_aug_3_contrast_up.jpg,210,fabricnet,contrast_up,fabricnet_0086.jpg,val
fabricnet_0086_aug_4_contrast_down.jpg,210,fabricnet,contrast_down,fabricnet_0086.jpg,val
fabricnet_0086_aug_5_gamma_correction.jpg,210,fabricnet,gamma_correction,fabricnet_0086.jpg,val
fabricnet_0087.jpg,150,fabricnet,original,fabricnet_0087.jpg,train
fabricnet_0087_aug_1_gaussian_noise.jpg,150,fabricnet,gaussian_noise,fabricnet_0087.jpg,train
fabricnet_0087_aug_2_zoom_in.jpg,150,fabricnet,zoom_in,fabricnet_0087.jpg,train
fabricnet_0087_aug_3_slight_blur.jpg,150,fabricnet,slight_blur,fabricnet_0087.jpg,train
fabricnet_0087_aug_4_contrast_down.jpg,150,fabricnet,contrast_down,fabricnet_0087.jpg,train
fabricnet_0087_aug_5_horizontal_flip.jpg,150,fabricnet,horizontal_flip,fabricnet_0087.jpg,train
fabricnet_0088.jpg,150,fabricnet,original,fabricnet_0088.jpg,train
fabricnet_0088_aug_1_slight_blur.jpg,150,fabricnet,slight_blur,fabricnet_0088.jpg,train
fabricnet_0088_aug_2_zoom_out.jpg,150,fabricnet,zoom_out,fabricnet_0088.jpg,train
fabricnet_0088_aug_3_contrast_down.jpg,150,fabricnet,contrast_down,fabricnet_0088.jpg,train
fabricnet_0088_aug_4_rotate_270.jpg,150,fabricnet,rotate_270,fabricnet_0088.jpg,train
fabricnet_0088_aug_5_gamma_correction.jpg,150,fabricnet,gamma_correction,fabricnet_0088.jpg,train
fabricnet_0089.jpg,150,fabricnet,original,fabricnet_0089.jpg,train
fabricnet_0089_aug_1_vertical_flip.jpg,150,fabricnet,vertical_flip,fabricnet_0089.jpg,train
fabricnet_0089_aug_2_rotate_90.jpg,150,fabricnet,rotate_90,fabricnet_0089.jpg,train
fabricnet_0089_aug_3_rotate_270.jpg,150,fabricnet,rotate_270,fabricnet_0089.jpg,train
fabricnet_0089_aug_4_gamma_correction.jpg,150,fabricnet,gamma_correction,fabricnet_0089.jpg,train
fabricnet_0089_aug_5_sharpen.jpg,150,fabricnet,sharpen,fabricnet_0089.jpg,train
fabricnet_0090.jpg,150,fabricnet,original,fabricnet_0090.jpg,train
fabricnet_0090_aug_1_sharpen.jpg,150,fabricnet,sharpen,fabricnet_0090.jpg,train
fabricnet_0090_aug_2_contrast_down.jpg,150,fabricnet,contrast_down,fabricnet_0090.jpg,train
fabricnet_0090_aug_3_rotate_90.jpg,150,fabricnet,rotate_90,fabricnet_0090.jpg,train
fabricnet_0090_aug_4_rotate_270.jpg,150,fabricnet,rotate_270,fabricnet_0090.jpg,train
fabricnet_0090_aug_5_gamma_correction.jpg,150,fabricnet,gamma_correction,fabricnet_0090.jpg,train
fabricnet_0091.jpg,150,fabricnet,original,fabricnet_0091.jpg,test
fabricnet_0091_aug_1_gaussian_noise.jpg,150,fabricnet,gaussian_noise,fabricnet_0091.jpg,test
fabricnet_0091_aug_2_rotate_180.jpg,150,fabricnet,rotate_180,fabricnet_0091.jpg,test
fabricnet_0091_aug_3_sharpen.jpg,150,fabricnet,sharpen,fabricnet_0091.jpg,test
fabricnet_0091_aug_4_brightness_up.jpg,150,fabricnet,brightness_up,fabricnet_0091.jpg,test
fabricnet_0091_aug_5_zoom_out.jpg,150,fabricnet,zoom_out,fabricnet_0091.jpg,test
fabricnet_0092.jpg,95,fabricnet,original,fabricnet_0092.jpg,train
fabricnet_0092_aug_1_slight_blur.jpg,95,fabricnet,slight_blur,fabricnet_0092.jpg,train
fabricnet_0092_aug_2_gamma_correction.jpg,95,fabricnet,gamma_correction,fabricnet_0092.jpg,train
fabricnet_0092_aug_3_rotate_270.jpg,95,fabricnet,rotate_270,fabricnet_0092.jpg,train
fabricnet_0092_aug_4_contrast_down.jpg,95,fabricnet,contrast_down,fabricnet_0092.jpg,train
fabricnet_0092_aug_5_contrast_up.jpg,95,fabricnet,contrast_up,fabricnet_0092.jpg,train
fabricnet_0093.jpg,95,fabricnet,original,fabricnet_0093.jpg,val
fabricnet_0093_aug_1_rotate_270.jpg,95,fabricnet,rotate_270,fabricnet_0093.jpg,val
fabricnet_0093_aug_2_zoom_out.jpg,95,fabricnet,zoom_out,fabricnet_0093.jpg,val
fabricnet_0093_aug_3_horizontal_flip.jpg,95,fabricnet,horizontal_flip,fabricnet_0093.jpg,val
fabricnet_0093_aug_4_vertical_flip.jpg,95,fabricnet,vertical_flip,fabricnet_0093.jpg,val
fabricnet_0093_aug_5_slight_blur.jpg,95,fabricnet,slight_blur,fabricnet_0093.jpg,val
fabricnet_0094.jpg,95,fabricnet,original,fabricnet_0094.jpg,train
fabricnet_0094_aug_1_brightness_down.jpg,95,fabricnet,brightness_down,fabricnet_0094.jpg,train
fabricnet_0094_aug_2_zoom_out.jpg,95,fabricnet,zoom_out,fabricnet_0094.jpg,train
fabricnet_0094_aug_3_rotate_270.jpg,95,fabricnet,rotate_270,fabricnet_0094.jpg,train
fabricnet_0094_aug_4_horizontal_flip.jpg,95,fabricnet,horizontal_flip,fabricnet_0094.jpg,train
fabricnet_0094_aug_5_sharpen.jpg,95,fabricnet,sharpen,fabricnet_0094.jpg,train
fabricnet_0095.jpg,95,fabricnet,original,fabricnet_0095.jpg,train
fabricnet_0095_aug_1_brightness_up.jpg,95,fabricnet,brightness_up,fabricnet_0095.jpg,train
fabricnet_0095_aug_2_zoom_in.jpg,95,fabricnet,zoom_in,fabricnet_0095.jpg,train
fabricnet_0095_aug_3_rotate_90.jpg,95,fabricnet,rotate_90,fabricnet_0095.jpg,train
fabricnet_0095_aug_4_slight_blur.jpg,95,fabricnet,slight_blur,fabricnet_0095.jpg,train
fabricnet_0095_aug_5_rotate_270.jpg,95,fabricnet,rotate_270,fabricnet_0095.jpg,train
fabricnet_0096.jpg,95,fabricnet,original,fabricnet_0096.jpg,test
fabricnet_0096_aug_1_rotate_90.jpg,95,fabricnet,rotate_90,fabricnet_0096.jpg,test
fabricnet_0096_aug_2_sharpen.jpg,95,fabricnet,sharpen,fabricnet_0096.jpg,test
fabricnet_0096_aug_3_contrast_up.jpg,95,fabricnet,contrast_up,fabricnet_0096.jpg,test
fabricnet_0096_aug_4_contrast_down.jpg,95,fabricnet,contrast_down,fabricnet_0096.jpg,test
fabricnet_0096_aug_5_brightness_down.jpg,95,fabricnet,brightness_down,fabricnet_0096.jpg,test
fabricnet_0097.jpg,240,fabricnet,original,fabricnet_0097.jpg,train
fabricnet_0097_aug_1_contrast_down.jpg,240,fabricnet,contrast_down,fabricnet_0097.jpg,train
fabricnet_0097_aug_2_horizontal_flip.jpg,240,fabricnet,horizontal_flip,fabricnet_0097.jpg,train
fabricnet_0097_aug_3_vertical_flip.jpg,240,fabricnet,vertical_flip,fabricnet_0097.jpg,train
fabricnet_0097_aug_4_zoom_in.jpg,240,fabricnet,zoom_in,fabricnet_0097.jpg,train
fabricnet_0097_aug_5_rotate_90.jpg,240,fabricnet,rotate_90,fabricnet_0097.jpg,train
fabricnet_0098.jpg,240,fabricnet,original,fabricnet_0098.jpg,val
fabricnet_0098_aug_1_contrast_down.jpg,240,fabricnet,contrast_down,fabricnet_0098.jpg,val
fabricnet_0098_aug_2_horizontal_flip.jpg,240,fabricnet,horizontal_flip,fabricnet_0098.jpg,val
fabricnet_0098_aug_3_brightness_up.jpg,240,fabricnet,brightness_up,fabricnet_0098.jpg,val
fabricnet_0098_aug_4_gaussian_noise.jpg,240,fabricnet,gaussian_noise,fabricnet_0098.jpg,val
fabricnet_0098_aug_5_gamma_correction.jpg,240,fabricnet,gamma_correction,fabricnet_0098.jpg,val
fabricnet_0099.jpg,240,fabricnet,original,fabricnet_0099.jpg,train
fabricnet_0099_aug_1_rotate_90.jpg,240,fabricnet,rotate_90,fabricnet_0099.jpg,train
fabricnet_0099_aug_2_brightness_down.jpg,240,fabricnet,brightness_down,fabricnet_0099.jpg,train
fabricnet_0099_aug_3_gamma_correction.jpg,240,fabricnet,gamma_correction,fabricnet_0099.jpg,train
fabricnet_0099_aug_4_horizontal_flip.jpg,240,fabricnet,horizontal_flip,fabricnet_0099.jpg,train
fabricnet_0099_aug_5_rotate_270.jpg,240,fabricnet,rotate_270,fabricnet_0099.jpg,train
fabricnet_0100.jpg,240,fabricnet,original,fabricnet_0100.jpg,train
fabricnet_0100_aug_1_brightness_up.jpg,240,fabricnet,brightness_up,fabricnet_0100.jpg,train
fabricnet_0100_aug_2_zoom_in.jpg,240,fabricnet,zoom_in,fabricnet_0100.jpg,train
fabricnet_0100_aug_3_horizontal_flip.jpg,240,fabricnet,horizontal_flip,fabricnet_0100.jpg,train
fabricnet_0100_aug_4_gamma_correction.jpg,240,fabricnet,gamma_correction,fabricnet_0100.jpg,train
fabricnet_0100_aug_5_rotate_180.jpg,240,fabricnet,rotate_180,fabricnet_0100.jpg,train
fabricnet_0101.jpg,240,fabricnet,original,fabricnet_0101.jpg,train
fabricnet_0101_aug_1_slight_blur.jpg,240,fabricnet,slight_blur,fabricnet_0101.jpg,train
fabricnet_0101_aug_2_rotate_180.jpg,240,fabricnet,rotate_180,fabricnet_0101.jpg,train
fabricnet_0101_aug_3_gamma_correction.jpg,240,fabricnet,gamma_correction,fabricnet_0101.jpg,train
fabricnet_0101_aug_4_vertical_flip.jpg,240,fabricnet,vertical_flip,fabricnet_0101.jpg,train
fabricnet_0101_aug_5_brightness_up.jpg,240,fabricnet,brightness_up,fabricnet_0101.jpg,train
fabricnet_0102.jpg,240,fabricnet,original,fabricnet_0102.jpg,train
fabricnet_0102_aug_1_zoom_in.jpg,240,fabricnet,zoom_in,fabricnet_0102.jpg,train
fabricnet_0102_aug_2_contrast_down.jpg,240,fabricnet,contrast_down,fabricnet_0102.jpg,train
fabricnet_0102_aug_3_brightness_down.jpg,240,fabricnet,brightness_down,fabricnet_0102.jpg,train
fabricnet_0102_aug_4_gaussian_noise.jpg,240,fabricnet,gaussian_noise,fabricnet_0102.jpg,train
fabricnet_0102_aug_5_rotate_90.jpg,240,fabricnet,rotate_90,fabricnet_0102.jpg,train
fabricnet_0103.jpg,150,fabricnet,original,fabricnet_0103.jpg,test
fabricnet_0103_aug_1_gamma_correction.jpg,150,fabricnet,gamma_correction,fabricnet_0103.jpg,test
fabricnet_0103_aug_2_rotate_180.jpg,150,fabricnet,rotate_180,fabricnet_0103.jpg,test
fabricnet_0103_aug_3_rotate_90.jpg,150,fabricnet,rotate_90,fabricnet_0103.jpg,test
fabricnet_0103_aug_4_zoom_in.jpg,150,fabricnet,zoom_in,fabricnet_0103.jpg,test
fabricnet_0103_aug_5_brightness_down.jpg,150,fabricnet,brightness_down,fabricnet_0103.jpg,test
fabricnet_0104.jpg,150,fabricnet,original,fabricnet_0104.jpg,test
fabricnet_0104_aug_1_horizontal_flip.jpg,150,fabricnet,horizontal_flip,fabricnet_0104.jpg,test
fabricnet_0104_aug_2_rotate_90.jpg,150,fabricnet,rotate_90,fabricnet_0104.jpg,test
fabricnet_0104_aug_3_sharpen.jpg,150,fabricnet,sharpen,fabricnet_0104.jpg,test
fabricnet_0104_aug_4_brightness_up.jpg,150,fabricnet,brightness_up,fabricnet_0104.jpg,test
fabricnet_0104_aug_5_brightness_down.jpg,150,fabricnet,brightness_down,fabricnet_0104.jpg,test
fabricnet_0105.jpg,150,fabricnet,original,fabricnet_0105.jpg,train
fabricnet_0105_aug_1_zoom_in.jpg,150,fabricnet,zoom_in,fabricnet_0105.jpg,train
fabricnet_0105_aug_2_slight_blur.jpg,150,fabricnet,slight_blur,fabricnet_0105.jpg,train
fabricnet_0105_aug_3_sharpen.jpg,150,fabricnet,sharpen,fabricnet_0105.jpg,train
fabricnet_0105_aug_4_rotate_180.jpg,150,fabricnet,rotate_180,fabricnet_0105.jpg,train
fabricnet_0105_aug_5_rotate_270.jpg,150,fabricnet,rotate_270,fabricnet_0105.jpg,train
fabricnet_0106.jpg,150,fabricnet,original,fabricnet_0106.jpg,train
fabricnet_0106_aug_1_rotate_90.jpg,150,fabricnet,rotate_90,fabricnet_0106.jpg,train
fabricnet_0106_aug_2_zoom_in.jpg,150,fabricnet,zoom_in,fabricnet_0106.jpg,train
fabricnet_0106_aug_3_sharpen.jpg,150,fabricnet,sharpen,fabricnet_0106.jpg,train
fabricnet_0106_aug_4_vertical_flip.jpg,150,fabricnet,vertical_flip,fabricnet_0106.jpg,train
fabricnet_0106_aug_5_brightness_down.jpg,150,fabricnet,brightness_down,fabricnet_0106.jpg,train
fabricnet_0107.jpg,150,fabricnet,original,fabricnet_0107.jpg,train
fabricnet_0107_aug_1_zoom_out.jpg,150,fabricnet,zoom_out,fabricnet_0107.jpg,train
fabricnet_0107_aug_2_horizontal_flip.jpg,150,fabricnet,horizontal_flip,fabricnet_0107.jpg,train
fabricnet_0107_aug_3_contrast_up.jpg,150,fabricnet,contrast_up,fabricnet_0107.jpg,train
fabricnet_0107_aug_4_rotate_180.jpg,150,fabricnet,rotate_180,fabricnet_0107.jpg,train
fabricnet_0107_aug_5_sharpen.jpg,150,fabricnet,sharpen,fabricnet_0107.jpg,train
fabricnet_0108.jpg,185,fabricnet,original,fabricnet_0108.jpg,train
fabricnet_0108_aug_1_zoom_out.jpg,185,fabricnet,zoom_out,fabricnet_0108.jpg,train
fabricnet_0108_aug_2_contrast_up.jpg,185,fabricnet,contrast_up,fabricnet_0108.jpg,train
fabricnet_0108_aug_3_brightness_up.jpg,185,fabricnet,brightness_up,fabricnet_0108.jpg,train
fabricnet_0108_aug_4_rotate_270.jpg,185,fabricnet,rotate_270,fabricnet_0108.jpg,train
fabricnet_0108_aug_5_rotate_180.jpg,185,fabricnet,rotate_180,fabricnet_0108.jpg,train
fabricnet_0109.jpg,185,fabricnet,original,fabricnet_0109.jpg,train
fabricnet_0109_aug_1_rotate_180.jpg,185,fabricnet,rotate_180,fabricnet_0109.jpg,train
fabricnet_0109_aug_2_horizontal_flip.jpg,185,fabricnet,horizontal_flip,fabricnet_0109.jpg,train
fabricnet_0109_aug_3_slight_blur.jpg,185,fabricnet,slight_blur,fabricnet_0109.jpg,train
fabricnet_0109_aug_4_gamma_correction.jpg,185,fabricnet,gamma_correction,fabricnet_0109.jpg,train
fabricnet_0109_aug_5_brightness_down.jpg,185,fabricnet,brightness_down,fabricnet_0109.jpg,train
fabricnet_0110.jpg,185,fabricnet,original,fabricnet_0110.jpg,val
fabricnet_0110_aug_1_brightness_up.jpg,185,fabricnet,brightness_up,fabricnet_0110.jpg,val
fabricnet_0110_aug_2_rotate_270.jpg,185,fabricnet,rotate_270,fabricnet_0110.jpg,val
fabricnet_0110_aug_3_vertical_flip.jpg,185,fabricnet,vertical_flip,fabricnet_0110.jpg,val
fabricnet_0110_aug_4_zoom_out.jpg,185,fabricnet,zoom_out,fabricnet_0110.jpg,val
fabricnet_0110_aug_5_gamma_correction.jpg,185,fabricnet,gamma_correction,fabricnet_0110.jpg,val
fabricnet_0111.jpg,185,fabricnet,original,fabricnet_0111.jpg,train
fabricnet_0111_aug_1_slight_blur.jpg,185,fabricnet,slight_blur,fabricnet_0111.jpg,train
fabricnet_0111_aug_2_contrast_down.jpg,185,fabricnet,contrast_down,fabricnet_0111.jpg,train
fabricnet_0111_aug_3_brightness_down.jpg,185,fabricnet,brightness_down,fabricnet_0111.jpg,train
fabricnet_0111_aug_4_gamma_correction.jpg,185,fabricnet,gamma_correction,fabricnet_0111.jpg,train
fabricnet_0111_aug_5_zoom_out.jpg,185,fabricnet,zoom_out,fabricnet_0111.jpg,train
fabricnet_0112.jpg,185,fabricnet,original,fabricnet_0112.jpg,val
fabricnet_0112_aug_1_brightness_up.jpg,185,fabricnet,brightness_up,fabricnet_0112.jpg,val
fabricnet_0112_aug_2_horizontal_flip.jpg,185,fabricnet,horizontal_flip,fabricnet_0112.jpg,val
fabricnet_0112_aug_3_vertical_flip.jpg,185,fabricnet,vertical_flip,fabricnet_0112.jpg,val
fabricnet_0112_aug_4_rotate_270.jpg,185,fabricnet,rotate_270,fabricnet_0112.jpg,val
fabricnet_0112_aug_5_rotate_90.jpg,185,fabricnet,rotate_90,fabricnet_0112.jpg,val
fabricnet_0113.jpg,250,fabricnet,original,fabricnet_0113.jpg,train
fabricnet_0113_aug_1_gaussian_noise.jpg,250,fabricnet,gaussian_noise,fabricnet_0113.jpg,train
fabricnet_0113_aug_2_rotate_270.jpg,250,fabricnet,rotate_270,fabricnet_0113.jpg,train
fabricnet_0113_aug_3_horizontal_flip.jpg,250,fabricnet,horizontal_flip,fabricnet_0113.jpg,train
fabricnet_0113_aug_4_vertical_flip.jpg,250,fabricnet,vertical_flip,fabricnet_0113.jpg,train
fabricnet_0113_aug_5_gamma_correction.jpg,250,fabricnet,gamma_correction,fabricnet_0113.jpg,train
fabricnet_0114.jpg,250,fabricnet,original,fabricnet_0114.jpg,train
fabricnet_0114_aug_1_brightness_down.jpg,250,fabricnet,brightness_down,fabricnet_0114.jpg,train
fabricnet_0114_aug_2_brightness_up.jpg,250,fabricnet,brightness_up,fabricnet_0114.jpg,train
fabricnet_0114_aug_3_sharpen.jpg,250,fabricnet,sharpen,fabricnet_0114.jpg,train
fabricnet_0114_aug_4_zoom_out.jpg,250,fabricnet,zoom_out,fabricnet_0114.jpg,train
fabricnet_0114_aug_5_gamma_correction.jpg,250,fabricnet,gamma_correction,fabricnet_0114.jpg,train
fabricnet_0115.jpg,185,fabricnet,original,fabricnet_0115.jpg,train
fabricnet_0115_aug_1_gaussian_noise.jpg,185,fabricnet,gaussian_noise,fabricnet_0115.jpg,train
fabricnet_0115_aug_2_contrast_down.jpg,185,fabricnet,contrast_down,fabricnet_0115.jpg,train
fabricnet_0115_aug_3_vertical_flip.jpg,185,fabricnet,vertical_flip,fabricnet_0115.jpg,train
fabricnet_0115_aug_4_brightness_down.jpg,185,fabricnet,brightness_down,fabricnet_0115.jpg,train
fabricnet_0115_aug_5_gamma_correction.jpg,185,fabricnet,gamma_correction,fabricnet_0115.jpg,train
fabricnet_0116.jpg,185,fabricnet,original,fabricnet_0116.jpg,train
fabricnet_0116_aug_1_rotate_180.jpg,185,fabricnet,rotate_180,fabricnet_0116.jpg,train
fabricnet_0116_aug_2_rotate_270.jpg,185,fabricnet,rotate_270,fabricnet_0116.jpg,train
fabricnet_0116_aug_3_horizontal_flip.jpg,185,fabricnet,horizontal_flip,fabricnet_0116.jpg,train
fabricnet_0116_aug_4_sharpen.jpg,185,fabricnet,sharpen,fabricnet_0116.jpg,train
fabricnet_0116_aug_5_brightness_down.jpg,185,fabricnet,brightness_down,fabricnet_0116.jpg,train
fabricnet_0117.jpg,185,fabricnet,original,fabricnet_0117.jpg,val
fabricnet_0117_aug_1_horizontal_flip.jpg,185,fabricnet,horizontal_flip,fabricnet_0117.jpg,val
fabricnet_0117_aug_2_contrast_down.jpg,185,fabricnet,contrast_down,fabricnet_0117.jpg,val
fabricnet_0117_aug_3_zoom_in.jpg,185,fabricnet,zoom_in,fabricnet_0117.jpg,val
fabricnet_0117_aug_4_zoom_out.jpg,185,fabricnet,zoom_out,fabricnet_0117.jpg,val
fabricnet_0117_aug_5_slight_blur.jpg,185,fabricnet,slight_blur,fabricnet_0117.jpg,val
fabricnet_0118.jpg,165,fabricnet,original,fabricnet_0118.jpg,train
fabricnet_0118_aug_1_sharpen.jpg,165,fabricnet,sharpen,fabricnet_0118.jpg,train
fabricnet_0118_aug_2_gamma_correction.jpg,165,fabricnet,gamma_correction,fabricnet_0118.jpg,train
fabricnet_0118_aug_3_zoom_out.jpg,165,fabricnet,zoom_out,fabricnet_0118.jpg,train
fabricnet_0118_aug_4_slight_blur.jpg,165,fabricnet,slight_blur,fabricnet_0118.jpg,train
fabricnet_0118_aug_5_rotate_180.jpg,165,fabricnet,rotate_180,fabricnet_0118.jpg,train
fabricnet_0119.jpg,165,fabricnet,original,fabricnet_0119.jpg,train
fabricnet_0119_aug_1_brightness_up.jpg,165,fabricnet,brightness_up,fabricnet_0119.jpg,train
fabricnet_0119_aug_2_brightness_down.jpg,165,fabricnet,brightness_down,fabricnet_0119.jpg,train
fabricnet_0119_aug_3_vertical_flip.jpg,165,fabricnet,vertical_flip,fabricnet_0119.jpg,train
fabricnet_0119_aug_4_slight_blur.jpg,165,fabricnet,slight_blur,fabricnet_0119.jpg,train
fabricnet_0119_aug_5_gamma_correction.jpg,165,fabricnet,gamma_correction,fabricnet_0119.jpg,train
fabricnet_0120.jpg,165,fabricnet,original,fabricnet_0120.jpg,test
fabricnet_0120_aug_1_gaussian_noise.jpg,165,fabricnet,gaussian_noise,fabricnet_0120.jpg,test
fabricnet_0120_aug_2_brightness_up.jpg,165,fabricnet,brightness_up,fabricnet_0120.jpg,test
fabricnet_0120_aug_3_slight_blur.jpg,165,fabricnet,slight_blur,fabricnet_0120.jpg,test
fabricnet_0120_aug_4_vertical_flip.jpg,165,fabricnet,vertical_flip,fabricnet_0120.jpg,test
fabricnet_0120_aug_5_rotate_270.jpg,165,fabricnet,rotate_270,fabricnet_0120.jpg,test
fabricnet_0121.jpg,165,fabricnet,original,fabricnet_0121.jpg,val
fabricnet_0121_aug_1_contrast_down.jpg,165,fabricnet,contrast_down,fabricnet_0121.jpg,val
fabricnet_0121_aug_2_rotate_270.jpg,165,fabricnet,rotate_270,fabricnet_0121.jpg,val
fabricnet_0121_aug_3_slight_blur.jpg,165,fabricnet,slight_blur,fabricnet_0121.jpg,val
fabricnet_0121_aug_4_brightness_down.jpg,165,fabricnet,brightness_down,fabricnet_0121.jpg,val
fabricnet_0121_aug_5_brightness_up.jpg,165,fabricnet,brightness_up,fabricnet_0121.jpg,val
fabricnet_0122.jpg,165,fabricnet,original,fabricnet_0122.jpg,train
fabricnet_0122_aug_1_brightness_down.jpg,165,fabricnet,brightness_down,fabricnet_0122.jpg,train
fabricnet_0122_aug_2_sharpen.jpg,165,fabricnet,sharpen,fabricnet_0122.jpg,train
fabricnet_0122_aug_3_rotate_270.jpg,165,fabricnet,rotate_270,fabricnet_0122.jpg,train
fabricnet_0122_aug_4_contrast_down.jpg,165,fabricnet,contrast_down,fabricnet_0122.jpg,train
fabricnet_0122_aug_5_rotate_90.jpg,165,fabricnet,rotate_90,fabricnet_0122.jpg,train
fabricnet_0123.jpg,150,fabricnet,original,fabricnet_0123.jpg,train
fabricnet_0123_aug_1_rotate_180.jpg,150,fabricnet,rotate_180,fabricnet_0123.jpg,train
fabricnet_0123_aug_2_brightness_down.jpg,150,fabricnet,brightness_down,fabricnet_0123.jpg,train
fabricnet_0123_aug_3_slight_blur.jpg,150,fabricnet,slight_blur,fabricnet_0123.jpg,train
fabricnet_0123_aug_4_zoom_out.jpg,150,fabricnet,zoom_out,fabricnet_0123.jpg,train
fabricnet_0123_aug_5_zoom_in.jpg,150,fabricnet,zoom_in,fabricnet_0123.jpg,train
fabricnet_0124.jpg,150,fabricnet,original,fabricnet_0124.jpg,train
fabricnet_0124_aug_1_sharpen.jpg,150,fabricnet,sharpen,fabricnet_0124.jpg,train
fabricnet_0124_aug_2_rotate_90.jpg,150,fabricnet,rotate_90,fabricnet_0124.jpg,train
fabricnet_0124_aug_3_gaussian_noise.jpg,150,fabricnet,gaussian_noise,fabricnet_0124.jpg,train
fabricnet_0124_aug_4_zoom_in.jpg,150,fabricnet,zoom_in,fabricnet_0124.jpg,train
fabricnet_0124_aug_5_rotate_270.jpg,150,fabricnet,rotate_270,fabricnet_0124.jpg,train
fabricnet_0125.jpg,165,fabricnet,original,fabricnet_0125.jpg,train
fabricnet_0125_aug_1_brightness_down.jpg,165,fabricnet,brightness_down,fabricnet_0125.jpg,train
fabricnet_0125_aug_2_contrast_down.jpg,165,fabricnet,contrast_down,fabricnet_0125.jpg,train
fabricnet_0125_aug_3_horizontal_flip.jpg,165,fabricnet,horizontal_flip,fabricnet_0125.jpg,train
fabricnet_0125_aug_4_rotate_270.jpg,165,fabricnet,rotate_270,fabricnet_0125.jpg,train
fabricnet_0125_aug_5_sharpen.jpg,165,fabricnet,sharpen,fabricnet_0125.jpg,train
fabricnet_0126.jpg,165,fabricnet,original,fabricnet_0126.jpg,test
fabricnet_0126_aug_1_rotate_180.jpg,165,fabricnet,rotate_180,fabricnet_0126.jpg,test
fabricnet_0126_aug_2_brightness_down.jpg,165,fabricnet,brightness_down,fabricnet_0126.jpg,test
fabricnet_0126_aug_3_zoom_in.jpg,165,fabricnet,zoom_in,fabricnet_0126.jpg,test
fabricnet_0126_aug_4_gaussian_noise.jpg,165,fabricnet,gaussian_noise,fabricnet_0126.jpg,test
fabricnet_0126_aug_5_sharpen.jpg,165,fabricnet,sharpen,fabricnet_0126.jpg,test
fabricnet_0127.jpg,180,fabricnet,original,fabricnet_0127.jpg,test
fabricnet_0127_aug_1_slight_blur.jpg,180,fabricnet,slight_blur,fabricnet_0127.jpg,test
fabricnet_0127_aug_2_brightness_up.jpg,180,fabricnet,brightness_up,fabricnet_0127.jpg,test
fabricnet_0127_aug_3_contrast_up.jpg,180,fabricnet,contrast_up,fabricnet_0127.jpg,test
fabricnet_0127_aug_4_zoom_in.jpg,180,fabricnet,zoom_in,fabricnet_0127.jpg,test
fabricnet_0127_aug_5_sharpen.jpg,180,fabricnet,sharpen,fabricnet_0127.jpg,test
fabricnet_0128.jpg,180,fabricnet,original,fabricnet_0128.jpg,train
fabricnet_0128_aug_1_slight_blur.jpg,180,fabricnet,slight_blur,fabricnet_0128.jpg,train
fabricnet_0128_aug_2_rotate_180.jpg,180,fabricnet,rotate_180,fabricnet_0128.jpg,train
fabricnet_0128_aug_3_contrast_down.jpg,180,fabricnet,contrast_down,fabricnet_0128.jpg,train
fabricnet_0128_aug_4_contrast_up.jpg,180,fabricnet,contrast_up,fabricnet_0128.jpg,train
fabricnet_0128_aug_5_rotate_90.jpg,180,fabricnet,rotate_90,fabricnet_0128.jpg,train
fabricnet_0129.jpg,180,fabricnet,original,fabricnet_0129.jpg,train
fabricnet_0129_aug_1_slight_blur.jpg,180,fabricnet,slight_blur,fabricnet_0129.jpg,train
fabricnet_0129_aug_2_vertical_flip.jpg,180,fabricnet,vertical_flip,fabricnet_0129.jpg,train
fabricnet_0129_aug_3_rotate_270.jpg,180,fabricnet,rotate_270,fabricnet_0129.jpg,train
fabricnet_0129_aug_4_contrast_down.jpg,180,fabricnet,contrast_down,fabricnet_0129.jpg,train
fabricnet_0129_aug_5_gamma_correction.jpg,180,fabricnet,gamma_correction,fabricnet_0129.jpg,train
fabricnet_0130.jpg,180,fabricnet,original,fabricnet_0130.jpg,train
fabricnet_0130_aug_1_slight_blur.jpg,180,fabricnet,slight_blur,fabricnet_0130.jpg,train
fabricnet_0130_aug_2_gaussian_noise.jpg,180,fabricnet,gaussian_noise,fabricnet_0130.jpg,train
fabricnet_0130_aug_3_brightness_up.jpg,180,fabricnet,brightness_up,fabricnet_0130.jpg,train
fabricnet_0130_aug_4_vertical_flip.jpg,180,fabricnet,vertical_flip,fabricnet_0130.jpg,train
fabricnet_0130_aug_5_rotate_180.jpg,180,fabricnet,rotate_180,fabricnet_0130.jpg,train
gsm_manual_0131.jpg,173,manual_collection,original,gsm_manual_0131.jpg,val
gsm_manual_0131_aug_1_slight_blur.jpg,173,manual_collection,slight_blur,gsm_manual_0131.jpg,val
gsm_manual_0131_aug_2_rotate_270.jpg,173,manual_collection,rotate_270,gsm_manual_0131.jpg,val
gsm_manual_0131_aug_3_rotate_180.jpg,173,manual_collection,rotate_180,gsm_manual_0131.jpg,val
gsm_manual_0131_aug_4_zoom_in.jpg,173,manual_collection,zoom_in,gsm_manual_0131.jpg,val
gsm_manual_0131_aug_5_rotate_90.jpg,173,manual_collection,rotate_90,gsm_manual_0131.jpg,val
gsm_manual_0132.jpg,173,manual_collection,original,gsm_manual_0132.jpg,train
gsm_manual_0132_aug_1_horizontal_flip.jpg,173,manual_collection,horizontal_flip,gsm_manual_0132.jpg,train
gsm_manual_0132_aug_2_gamma_correction.jpg,173,manual_collection,gamma_correction,gsm_manual_0132.jpg,train
gsm_manual_0132_aug_3_rotate_180.jpg,173,manual_collection,rotate_180,gsm_manual_0132.jpg,train
gsm_manual_0132_aug_4_contrast_up.jpg,173,manual_collection,contrast_up,gsm_manual_0132.jpg,train
gsm_manual_0132_aug_5_gaussian_noise.jpg,173,manual_collection,gaussian_noise,gsm_manual_0132.jpg,train
gsm_manual_0133.jpg,173,manual_collection,original,gsm_manual_0133.jpg,train
gsm_manual_0133_aug_1_zoom_out.jpg,173,manual_collection,zoom_out,gsm_manual_0133.jpg,train
gsm_manual_0133_aug_2_zoom_in.jpg,173,manual_collection,zoom_in,gsm_manual_0133.jpg,train
gsm_manual_0133_aug_3_vertical_flip.jpg,173,manual_collection,vertical_flip,gsm_manual_0133.jpg,train
gsm_manual_0133_aug_4_contrast_up.jpg,173,manual_collection,contrast_up,gsm_manual_0133.jpg,train
gsm_manual_0133_aug_5_brightness_down.jpg,173,manual_collection,brightness_down,gsm_manual_0133.jpg,train
gsm_manual_0134.jpg,173,manual_collection,original,gsm_manual_0134.jpg,train
gsm_manual_0134_aug_1_gamma_correction.jpg,173,manual_collection,gamma_correction,gsm_manual_0134.jpg,train
gsm_manual_0134_aug_2_slight_blur.jpg,173,manual_collection,slight_blur,gsm_manual_0134.jpg,train
gsm_manual_0134_aug_3_gaussian_noise.jpg,173,manual_collection,gaussian_noise,gsm_manual_0134.jpg,train
gsm_manual_0134_aug_4_rotate_180.jpg,173,manual_collection,rotate_180,gsm_manual_0134.jpg,train
gsm_manual_0134_aug_5_brightness_down.jpg,173,manual_collection,brightness_down,gsm_manual_0134.jpg,train
gsm_manual_0135.jpg,173,manual_collection,original,gsm_manual_0135.jpg,train
gsm_manual_0135_aug_1_contrast_up.jpg,173,manual_collection,contrast_up,gsm_manual_0135.jpg,train
gsm_manual_0135_aug_2_brightness_down.jpg,173,manual_collection,brightness_down,gsm_manual_0135.jpg,train
gsm_manual_0135_aug_3_rotate_180.jpg,173,manual_collection,rotate_180,gsm_manual_0135.jpg,train
gsm_manual_0135_aug_4_rotate_90.jpg,173,manual_collection,rotate_90,gsm_manual_0135.jpg,train
gsm_manual_0135_aug_5_slight_blur.jpg,173,manual_collection,slight_blur,gsm_manual_0135.jpg,train
gsm_manual_0136.jpg,135,manual_collection,original,gsm_manual_0136.jpg,train
gsm_manual_0136_aug_1_sharpen.jpg,135,manual_collection,sharpen,gsm_manual_0136.jpg,train
gsm_manual_0136_aug_2_horizontal_flip.jpg,135,manual_collection,horizontal_flip,gsm_manual_0136.jpg,train
gsm_manual_0136_aug_3_zoom_in.jpg,135,manual_collection,zoom_in,gsm_manual_0136.jpg,train
gsm_manual_0136_aug_4_vertical_flip.jpg,135,manual_collection,vertical_flip,gsm_manual_0136.jpg,train
gsm_manual_0136_aug_5_brightness_down.jpg,135,manual_collection,brightness_down,gsm_manual_0136.jpg,train
gsm_manual_0137.jpg,135,manual_collection,original,gsm_manual_0137.jpg,train
gsm_manual_0137_aug_1_rotate_180.jpg,135,manual_collection,rotate_180,gsm_manual_0137.jpg,train
gsm_manual_0137_aug_2_rotate_90.jpg,135,manual_collection,rotate_90,gsm_manual_0137.jpg,train
gsm_manual_0137_aug_3_zoom_in.jpg,135,manual_collection,zoom_in,gsm_manual_0137.jpg,train
gsm_manual_0137_aug_4_sharpen.jpg,135,manual_collection,sharpen,gsm_manual_0137.jpg,train
gsm_manual_0137_aug_5_contrast_down.jpg,135,manual_collection,contrast_down,gsm_manual_0137.jpg,train
gsm_manual_0138.jpg,135,manual_collection,original,gsm_manual_0138.jpg,test
gsm_manual_0138_aug_1_contrast_up.jpg,135,manual_collection,contrast_up,gsm_manual_0138.jpg,test
gsm_manual_0138_aug_2_horizontal_flip.jpg,135,manual_collection,horizontal_flip,gsm_manual_0138.jpg,test
gsm_manual_0138_aug_3_contrast_down.jpg,135,manual_collection,contrast_down,gsm_manual_0138.jpg,test
gsm_manual_0138_aug_4_rotate_180.jpg,135,manual_collection,rotate_180,gsm_manual_0138.jpg,test
gsm_manual_0138_aug_5_vertical_flip.jpg,135,manual_collection,vertical_flip,gsm_manual_0138.jpg,test
gsm_manual_0139.jpg,135,manual_collection,original,gsm_manual_0139.jpg,test
gsm_manual_0139_aug_1_contrast_up.jpg,135,manual_collection,contrast_up,gsm_manual_0139.jpg,test
gsm_manual_0139_aug_2_rotate_90.jpg,135,manual_collection,rotate_90,gsm_manual_0139.jpg,test
gsm_manual_0139_aug_3_zoom_in.jpg,135,manual_collection,zoom_in,gsm_manual_0139.jpg,test
gsm_manual_0139_aug_4_gamma_correction.jpg,135,manual_collection,gamma_correction,gsm_manual_0139.jpg,test
gsm_manual_0139_aug_5_slight_blur.jpg,135,manual_collection,slight_blur,gsm_manual_0139.jpg,test
gsm_manual_0140.jpg,135,manual_collection,original,gsm_manual_0140.jpg,train
gsm_manual_0140_aug_1_contrast_down.jpg,135,manual_collection,contrast_down,gsm_manual_0140.jpg,train
gsm_manual_0140_aug_2_gamma_correction.jpg,135,manual_collection,gamma_correction,gsm_manual_0140.jpg,train
gsm_manual_0140_aug_3_gaussian_noise.jpg,135,manual_collection,gaussian_noise,gsm_manual_0140.jpg,train
gsm_manual_0140_aug_4_brightness_up.jpg,135,manual_collection,brightness_up,gsm_manual_0140.jpg,train
gsm_manual_0140_aug_5_contrast_up.jpg,135,manual_collection,contrast_up,gsm_manual_0140.jpg,train
gsm_manual_0141.jpg,183,manual_collection,original,gsm_manual_0141.jpg,train
gsm_manual_0141_aug_1_gaussian_noise.jpg,183,manual_collection,gaussian_noise,gsm_manual_0141.jpg,train
gsm_manual_0141_aug_2_zoom_out.jpg,183,manual_collection,zoom_out,gsm_manual_0141.jpg,train
gsm_manual_0141_aug_3_sharpen.jpg,183,manual_collection,sharpen,gsm_manual_0141.jpg,train
gsm_manual_0141_aug_4_contrast_down.jpg,183,manual_collection,contrast_down,gsm_manual_0141.jpg,train
gsm_manual_0141_aug_5_brightness_down.jpg,183,manual_collection,brightness_down,gsm_manual_0141.jpg,train
gsm_manual_0142.jpg,183,manual_collection,original,gsm_manual_0142.jpg,test
gsm_manual_0142_aug_1_zoom_out.jpg,183,manual_collection,zoom_out,gsm_manual_0142.jpg,test
gsm_manual_0142_aug_2_contrast_down.jpg,183,manual_collection,contrast_down,gsm_manual_0142.jpg,test
gsm_manual_0142_aug_3_contrast_up.jpg,183,manual_collection,contrast_up,gsm_manual_0142.jpg,test
gsm_manual_0142_aug_4_rotate_90.jpg,183,manual_collection,rotate_90,gsm_manual_0142.jpg,test
gsm_manual_0142_aug_5_zoom_in.jpg,183,manual_collection,zoom_in,gsm_manual_0142.jpg,test
gsm_manual_0143.jpg,183,manual_collection,original,gsm_manual_0143.jpg,test
gsm_manual_0143_aug_1_contrast_up.jpg,183,manual_collection,contrast_up,gsm_manual_0143.jpg,test
gsm_manual_0143_aug_2_rotate_270.jpg,183,manual_collection,rotate_270,gsm_manual_0143.jpg,test
gsm_manual_0143_aug_3_zoom_in.jpg,183,manual_collection,zoom_in,gsm_manual_0143.jpg,test
gsm_manual_0143_aug_4_rotate_180.jpg,183,manual_collection,rotate_180,gsm_manual_0143.jpg,test
gsm_manual_0143_aug_5_slight_blur.jpg,183,manual_collection,slight_blur,gsm_manual_0143.jpg,test
gsm_manual_0144.jpg,183,manual_collection,original,gsm_manual_0144.jpg,test
gsm_manual_0144_aug_1_rotate_270.jpg,183,manual_collection,rotate_270,gsm_manual_0144.jpg,test
gsm_manual_0144_aug_2_zoom_in.jpg,183,manual_collection,zoom_in,gsm_manual_0144.jpg,test
gsm_manual_0144_aug_3_zoom_out.jpg,183,manual_collection,zoom_out,gsm_manual_0144.jpg,test
gsm_manual_0144_aug_4_contrast_down.jpg,183,manual_collection,contrast_down,gsm_manual_0144.jpg,test
gsm_manual_0144_aug_5_contrast_up.jpg,183,manual_collection,contrast_up,gsm_manual_0144.jpg,test
gsm_manual_0145.jpg,183,manual_collection,original,gsm_manual_0145.jpg,train
gsm_manual_0145_aug_1_slight_blur.jpg,183,manual_collection,slight_blur,gsm_manual_0145.jpg,train
gsm_manual_0145_aug_2_rotate_180.jpg,183,manual_collection,rotate_180,gsm_manual_0145.jpg,train
gsm_manual_0145_aug_3_rotate_270.jpg,183,manual_collection,rotate_270,gsm_manual_0145.jpg,train
gsm_manual_0145_aug_4_contrast_up.jpg,183,manual_collection,contrast_up,gsm_manual_0145.jpg,train
gsm_manual_0145_aug_5_vertical_flip.jpg,183,manual_collection,vertical_flip,gsm_manual_0145.jpg,train
gsm_manual_0146.jpg,100,manual_collection,original,gsm_manual_0146.jpg,val
gsm_manual_0146_aug_1_sharpen.jpg,100,manual_collection,sharpen,gsm_manual_0146.jpg,val
gsm_manual_0146_aug_2_rotate_270.jpg,100,manual_collection,rotate_270,gsm_manual_0146.jpg,val
gsm_manual_0146_aug_3_rotate_180.jpg,100,manual_collection,rotate_180,gsm_manual_0146.jpg,val
gsm_manual_0146_aug_4_zoom_out.jpg,100,manual_collection,zoom_out,gsm_manual_0146.jpg,val
gsm_manual_0146_aug_5_brightness_up.jpg,100,manual_collection,brightness_up,gsm_manual_0146.jpg,val
gsm_manual_0147.jpg,100,manual_collection,original,gsm_manual_0147.jpg,train
gsm_manual_0147_aug_1_brightness_up.jpg,100,manual_collection,brightness_up,gsm_manual_0147.jpg,train
gsm_manual_0147_aug_2_contrast_down.jpg,100,manual_collection,contrast_down,gsm_manual_0147.jpg,train
gsm_manual_0147_aug_3_vertical_flip.jpg,100,manual_collection,vertical_flip,gsm_manual_0147.jpg,train
gsm_manual_0147_aug_4_rotate_90.jpg,100,manual_collection,rotate_90,gsm_manual_0147.jpg,train
gsm_manual_0147_aug_5_sharpen.jpg,100,manual_collection,sharpen,gsm_manual_0147.jpg,train
gsm_manual_0148.jpg,100,manual_collection,original,gsm_manual_0148.jpg,val
gsm_manual_0148_aug_1_rotate_180.jpg,100,manual_collection,rotate_180,gsm_manual_0148.jpg,val
gsm_manual_0148_aug_2_brightness_down.jpg,100,manual_collection,brightness_down,gsm_manual_0148.jpg,val
gsm_manual_0148_aug_3_sharpen.jpg,100,manual_collection,sharpen,gsm_manual_0148.jpg,val
gsm_manual_0148_aug_4_rotate_90.jpg,100,manual_collection,rotate_90,gsm_manual_0148.jpg,val
gsm_manual_0148_aug_5_gamma_correction.jpg,100,manual_collection,gamma_correction,gsm_manual_0148.jpg,val
gsm_manual_0149.jpg,100,manual_collection,original,gsm_manual_0149.jpg,train
gsm_manual_0149_aug_1_vertical_flip.jpg,100,manual_collection,vertical_flip,gsm_manual_0149.jpg,train
gsm_manual_0149_aug_2_brightness_down.jpg,100,manual_collection,brightness_down,gsm_manual_0149.jpg,train
gsm_manual_0149_aug_3_zoom_out.jpg,100,manual_collection,zoom_out,gsm_manual_0149.jpg,train
gsm_manual_0149_aug_4_brightness_up.jpg,100,manual_collection,brightness_up,gsm_manual_0149.jpg,train
gsm_manual_0149_aug_5_contrast_down.jpg,100,manual_collection,contrast_down,gsm_manual_0149.jpg,train
gsm_manual_0150.jpg,100,manual_collection,original,gsm_manual_0150.jpg,train
gsm_manual_0150_aug_1_contrast_up.jpg,100,manual_collection,contrast_up,gsm_manual_0150.jpg,train
gsm_manual_0150_aug_2_brightness_down.jpg,100,manual_collection,brightness_down,gsm_manual_0150.jpg,train
gsm_manual_0150_aug_3_horizontal_flip.jpg,100,manual_collection,horizontal_flip,gsm_manual_0150.jpg,train
gsm_manual_0150_aug_4_rotate_180.jpg,100,manual_collection,rotate_180,gsm_manual_0150.jpg,train
gsm_manual_0150_aug_5_zoom_out.jpg,100,manual_collection,zoom_out,gsm_manual_0150.jpg,train
gsm_manual_0151.jpg,173,manual_collection,original,gsm_manual_0151.jpg,train
gsm_manual_0151_aug_1_brightness_down.jpg,173,manual_collection,brightness_down,gsm_manual_0151.jpg,train
gsm_manual_0151_aug_2_zoom_in.jpg,173,manual_collection,zoom_in,gsm_manual_0151.jpg,train
gsm_manual_0151_aug_3_gaussian_noise.jpg,173,manual_collection,gaussian_noise,gsm_manual_0151.jpg,train
gsm_manual_0151_aug_4_sharpen.jpg,173,manual_collection,sharpen,gsm_manual_0151.jpg,train
gsm_manual_0151_aug_5_horizontal_flip.jpg,173,manual_collection,horizontal_flip,gsm_manual_0151.jpg,train
gsm_manual_0152.jpg,173,manual_collection,original,gsm_manual_0152.jpg,train
gsm_manual_0152_aug_1_zoom_out.jpg,173,manual_collection,zoom_out,gsm_manual_0152.jpg,train
gsm_manual_0152_aug_2_zoom_in.jpg,173,manual_collection,zoom_in,gsm_manual_0152.jpg,train
gsm_manual_0152_aug_3_gaussian_noise.jpg,173,manual_collection,gaussian_noise,gsm_manual_0152.jpg,train
gsm_manual_0152_aug_4_brightness_down.jpg,173,manual_collection,brightness_down,gsm_manual_0152.jpg,train
gsm_manual_0152_aug_5_contrast_up.jpg,173,manual_collection,contrast_up,gsm_manual_0152.jpg,train
gsm_manual_0153.jpg,173,manual_collection,original,gsm_manual_0153.jpg,train
gsm_manual_0153_aug_1_horizontal_flip.jpg,173,manual_collection,horizontal_flip,gsm_manual_0153.jpg,train
gsm_manual_0153_aug_2_brightness_up.jpg,173,manual_collection,brightness_up,gsm_manual_0153.jpg,train
gsm_manual_0153_aug_3_rotate_270.jpg,173,manual_collection,rotate_270,gsm_manual_0153.jpg,train
gsm_manual_0153_aug_4_brightness_down.jpg,173,manual_collection,brightness_down,gsm_manual_0153.jpg,train
gsm_manual_0153_aug_5_sharpen.jpg,173,manual_collection,sharpen,gsm_manual_0153.jpg,train
gsm_manual_0154.jpg,173,manual_collection,original,gsm_manual_0154.jpg,train
gsm_manual_0154_aug_1_contrast_down.jpg,173,manual_collection,contrast_down,gsm_manual_0154.jpg,train
gsm_manual_0154_aug_2_sharpen.jpg,173,manual_collection,sharpen,gsm_manual_0154.jpg,train
gsm_manual_0154_aug_3_zoom_out.jpg,173,manual_collection,zoom_out,gsm_manual_0154.jpg,train
gsm_manual_0154_aug_4_gamma_correction.jpg,173,manual_collection,gamma_correction,gsm_manual_0154.jpg,train
gsm_manual_0154_aug_5_gaussian_noise.jpg,173,manual_collection,gaussian_noise,gsm_manual_0154.jpg,train
gsm_manual_0155.jpg,173,manual_collection,original,gsm_manual_0155.jpg,train
gsm_manual_0155_aug_1_gamma_correction.jpg,173,manual_collection,gamma_correction,gsm_manual_0155.jpg,train
gsm_manual_0155_aug_2_rotate_180.jpg,173,manual_collection,rotate_180,gsm_manual_0155.jpg,train
gsm_manual_0155_aug_3_contrast_up.jpg,173,manual_collection,contrast_up,gsm_manual_0155.jpg,train
gsm_manual_0155_aug_4_zoom_out.jpg,173,manual_collection,zoom_out,gsm_manual_0155.jpg,train
gsm_manual_0155_aug_5_rotate_270.jpg,173,manual_collection,rotate_270,gsm_manual_0155.jpg,train
gsm_manual_0156.jpg,158,manual_collection,original,gsm_manual_0156.jpg,train
gsm_manual_0156_aug_1_brightness_down.jpg,158,manual_collection,brightness_down,gsm_manual_0156.jpg,train
gsm_manual_0156_aug_2_contrast_up.jpg,158,manual_collection,contrast_up,gsm_manual_0156.jpg,train
gsm_manual_0156_aug_3_horizontal_flip.jpg,158,manual_collection,horizontal_flip,gsm_manual_0156.jpg,train
gsm_manual_0156_aug_4_gamma_correction.jpg,158,manual_collection,gamma_correction,gsm_manual_0156.jpg,train
gsm_manual_0156_aug_5_brightness_up.jpg,158,manual_collection,brightness_up,gsm_manual_0156.jpg,train
gsm_manual_0157.jpg,158,manual_collection,original,gsm_manual_0157.jpg,train
gsm_manual_0157_aug_1_slight_blur.jpg,158,manual_collection,slight_blur,gsm_manual_0157.jpg,train
gsm_manual_0157_aug_2_gamma_correction.jpg,158,manual_collection,gamma_correction,gsm_manual_0157.jpg,train
gsm_manual_0157_aug_3_zoom_in.jpg,158,manual_collection,zoom_in,gsm_manual_0157.jpg,train
gsm_manual_0157_aug_4_brightness_down.jpg,158,manual_collection,brightness_down,gsm_manual_0157.jpg,train
gsm_manual_0157_aug_5_rotate_90.jpg,158,manual_collection,rotate_90,gsm_manual_0157.jpg,train
gsm_manual_0158.jpg,158,manual_collection,original,gsm_manual_0158.jpg,train
gsm_manual_0158_aug_1_zoom_out.jpg,158,manual_collection,zoom_out,gsm_manual_0158.jpg,train
gsm_manual_0158_aug_2_contrast_up.jpg,158,manual_collection,contrast_up,gsm_manual_0158.jpg,train
gsm_manual_0158_aug_3_rotate_90.jpg,158,manual_collection,rotate_90,gsm_manual_0158.jpg,train
gsm_manual_0158_aug_4_gaussian_noise.jpg,158,manual_collection,gaussian_noise,gsm_manual_0158.jpg,train
gsm_manual_0158_aug_5_contrast_down.jpg,158,manual_collection,contrast_down,gsm_manual_0158.jpg,train
gsm_manual_0159.jpg,158,manual_collection,original,gsm_manual_0159.jpg,val
gsm_manual_0159_aug_1_horizontal_flip.jpg,158,manual_collection,horizontal_flip,gsm_manual_0159.jpg,val
gsm_manual_0159_aug_2_brightness_down.jpg,158,manual_collection,brightness_down,gsm_manual_0159.jpg,val
gsm_manual_0159_aug_3_gaussian_noise.jpg,158,manual_collection,gaussian_noise,gsm_manual_0159.jpg,val
gsm_manual_0159_aug_4_zoom_in.jpg,158,manual_collection,zoom_in,gsm_manual_0159.jpg,val
gsm_manual_0159_aug_5_slight_blur.jpg,158,manual_collection,slight_blur,gsm_manual_0159.jpg,val
gsm_manual_0160.jpg,158,manual_collection,original,gsm_manual_0160.jpg,val
gsm_manual_0160_aug_1_horizontal_flip.jpg,158,manual_collection,horizontal_flip,gsm_manual_0160.jpg,val
gsm_manual_0160_aug_2_vertical_flip.jpg,158,manual_collection,vertical_flip,gsm_manual_0160.jpg,val
gsm_manual_0160_aug_3_slight_blur.jpg,158,manual_collection,slight_blur,gsm_manual_0160.jpg,val
gsm_manual_0160_aug_4_brightness_down.jpg,158,manual_collection,brightness_down,gsm_manual_0160.jpg,val
gsm_manual_0160_aug_5_rotate_90.jpg,158,manual_collection,rotate_90,gsm_manual_0160.jpg,val
gsm_manual_0161.jpg,297,manual_collection,original,gsm_manual_0161.jpg,train
gsm_manual_0161_aug_1_zoom_out.jpg,297,manual_collection,zoom_out,gsm_manual_0161.jpg,train
gsm_manual_0161_aug_2_contrast_up.jpg,297,manual_collection,contrast_up,gsm_manual_0161.jpg,train
gsm_manual_0161_aug_3_rotate_90.jpg,297,manual_collection,rotate_90,gsm_manual_0161.jpg,train
gsm_manual_0161_aug_4_horizontal_flip.jpg,297,manual_collection,horizontal_flip,gsm_manual_0161.jpg,train
gsm_manual_0161_aug_5_rotate_270.jpg,297,manual_collection,rotate_270,gsm_manual_0161.jpg,train
gsm_manual_0162.jpg,297,manual_collection,original,gsm_manual_0162.jpg,val
gsm_manual_0162_aug_1_brightness_down.jpg,297,manual_collection,brightness_down,gsm_manual_0162.jpg,val
gsm_manual_0162_aug_2_brightness_up.jpg,297,manual_collection,brightness_up,gsm_manual_0162.jpg,val
gsm_manual_0162_aug_3_rotate_180.jpg,297,manual_collection,rotate_180,gsm_manual_0162.jpg,val
gsm_manual_0162_aug_4_contrast_up.jpg,297,manual_collection,contrast_up,gsm_manual_0162.jpg,val
gsm_manual_0162_aug_5_zoom_out.jpg,297,manual_collection,zoom_out,gsm_manual_0162.jpg,val
gsm_manual_0163.jpg,297,manual_collection,original,gsm_manual_0163.jpg,test
gsm_manual_0163_aug_1_brightness_up.jpg,297,manual_collection,brightness_up,gsm_manual_0163.jpg,test
gsm_manual_0163_aug_2_zoom_in.jpg,297,manual_collection,zoom_in,gsm_manual_0163.jpg,test
gsm_manual_0163_aug_3_brightness_down.jpg,297,manual_collection,brightness_down,gsm_manual_0163.jpg,test
gsm_manual_0163_aug_4_rotate_270.jpg,297,manual_collection,rotate_270,gsm_manual_0163.jpg,test
gsm_manual_0163_aug_5_zoom_out.jpg,297,manual_collection,zoom_out,gsm_manual_0163.jpg,test
gsm_manual_0164.jpg,297,manual_collection,original,gsm_manual_0164.jpg,val
gsm_manual_0164_aug_1_rotate_270.jpg,297,manual_collection,rotate_270,gsm_manual_0164.jpg,val
gsm_manual_0164_aug_2_zoom_out.jpg,297,manual_collection,zoom_out,gsm_manual_0164.jpg,val
gsm_manual_0164_aug_3_vertical_flip.jpg,297,manual_collection,vertical_flip,gsm_manual_0164.jpg,val
gsm_manual_0164_aug_4_contrast_up.jpg,297,manual_collection,contrast_up,gsm_manual_0164.jpg,val
gsm_manual_0164_aug_5_horizontal_flip.jpg,297,manual_collection,horizontal_flip,gsm_manual_0164.jpg,val
gsm_manual_0165.jpg,297,manual_collection,original,gsm_manual_0165.jpg,train
gsm_manual_0165_aug_1_sharpen.jpg,297,manual_collection,sharpen,gsm_manual_0165.jpg,train
gsm_manual_0165_aug_2_contrast_down.jpg,297,manual_collection,contrast_down,gsm_manual_0165.jpg,train
gsm_manual_0165_aug_3_horizontal_flip.jpg,297,manual_collection,horizontal_flip,gsm_manual_0165.jpg,train
gsm_manual_0165_aug_4_brightness_up.jpg,297,manual_collection,brightness_up,gsm_manual_0165.jpg,train
gsm_manual_0165_aug_5_rotate_180.jpg,297,manual_collection,rotate_180,gsm_manual_0165.jpg,train
gsm_manual_0166.jpg,297,manual_collection,original,gsm_manual_0166.jpg,train
gsm_manual_0166_aug_1_slight_blur.jpg,297,manual_collection,slight_blur,gsm_manual_0166.jpg,train
gsm_manual_0166_aug_2_vertical_flip.jpg,297,manual_collection,vertical_flip,gsm_manual_0166.jpg,train
gsm_manual_0166_aug_3_zoom_in.jpg,297,manual_collection,zoom_in,gsm_manual_0166.jpg,train
gsm_manual_0166_aug_4_gamma_correction.jpg,297,manual_collection,gamma_correction,gsm_manual_0166.jpg,train
gsm_manual_0166_aug_5_horizontal_flip.jpg,297,manual_collection,horizontal_flip,gsm_manual_0166.jpg,train
gsm_manual_0167.jpg,297,manual_collection,original,gsm_manual_0167.jpg,test
gsm_manual_0167_aug_1_zoom_in.jpg,297,manual_collection,zoom_in,gsm_manual_0167.jpg,test
gsm_manual_0167_aug_2_horizontal_flip.jpg,297,manual_collection,horizontal_flip,gsm_manual_0167.jpg,test
gsm_manual_0167_aug_3_rotate_180.jpg,297,manual_collection,rotate_180,gsm_manual_0167.jpg,test
gsm_manual_0167_aug_4_gamma_correction.jpg,297,manual_collection,gamma_correction,gsm_manual_0167.jpg,test
gsm_manual_0167_aug_5_zoom_out.jpg,297,manual_collection,zoom_out,gsm_manual_0167.jpg,test
gsm_manual_0168.jpg,297,manual_collection,original,gsm_manual_0168.jpg,train
gsm_manual_0168_aug_1_gaussian_noise.jpg,297,manual_collection,gaussian_noise,gsm_manual_0168.jpg,train
gsm_manual_0168_aug_2_rotate_90.jpg,297,manual_collection,rotate_90,gsm_manual_0168.jpg,train
gsm_manual_0168_aug_3_rotate_180.jpg,297,manual_collection,rotate_180,gsm_manual_0168.jpg,train
gsm_manual_0168_aug_4_zoom_out.jpg,297,manual_collection,zoom_out,gsm_manual_0168.jpg,train
gsm_manual_0168_aug_5_contrast_up.jpg,297,manual_collection,contrast_up,gsm_manual_0168.jpg,train
gsm_manual_0169.jpg,297,manual_collection,original,gsm_manual_0169.jpg,val
gsm_manual_0169_aug_1_slight_blur.jpg,297,manual_collection,slight_blur,gsm_manual_0169.jpg,val
gsm_manual_0169_aug_2_vertical_flip.jpg,297,manual_collection,vertical_flip,gsm_manual_0169.jpg,val
gsm_manual_0169_aug_3_gaussian_noise.jpg,297,manual_collection,gaussian_noise,gsm_manual_0169.jpg,val
gsm_manual_0169_aug_4_rotate_180.jpg,297,manual_collection,rotate_180,gsm_manual_0169.jpg,val
gsm_manual_0169_aug_5_contrast_up.jpg,297,manual_collection,contrast_up,gsm_manual_0169.jpg,val
gsm_manual_0170.jpg,297,manual_collection,original,gsm_manual_0170.jpg,test
gsm_manual_0170_aug_1_sharpen.jpg,297,manual_collection,sharpen,gsm_manual_0170.jpg,test
gsm_manual_0170_aug_2_rotate_270.jpg,297,manual_collection,rotate_270,gsm_manual_0170.jpg,test
gsm_manual_0170_aug_3_zoom_in.jpg,297,manual_collection,zoom_in,gsm_manual_0170.jpg,test
gsm_manual_0170_aug_4_brightness_up.jpg,297,manual_collection,brightness_up,gsm_manual_0170.jpg,test
gsm_manual_0170_aug_5_rotate_90.jpg,297,manual_collection,rotate_90,gsm_manual_0170.jpg,test
gsm_manual_0171.jpg,100,manual_collection,original,gsm_manual_0171.jpg,train
gsm_manual_0171_aug_1_gaussian_noise.jpg,100,manual_collection,gaussian_noise,gsm_manual_0171.jpg,train
gsm_manual_0171_aug_2_gamma_correction.jpg,100,manual_collection,gamma_correction,gsm_manual_0171.jpg,train
gsm_manual_0171_aug_3_sharpen.jpg,100,manual_collection,sharpen,gsm_manual_0171.jpg,train
gsm_manual_0171_aug_4_zoom_in.jpg,100,manual_collection,zoom_in,gsm_manual_0171.jpg,train
gsm_manual_0171_aug_5_vertical_flip.jpg,100,manual_collection,vertical_flip,gsm_manual_0171.jpg,train
gsm_manual_0172.jpg,100,manual_collection,original,gsm_manual_0172.jpg,train
gsm_manual_0172_aug_1_zoom_in.jpg,100,manual_collection,zoom_in,gsm_manual_0172.jpg,train
gsm_manual_0172_aug_2_zoom_out.jpg,100,manual_collection,zoom_out,gsm_manual_0172.jpg,train
gsm_manual_0172_aug_3_rotate_90.jpg,100,manual_collection,rotate_90,gsm_manual_0172.jpg,train
gsm_manual_0172_aug_4_rotate_270.jpg,100,manual_collection,rotate_270,gsm_manual_0172.jpg,train
gsm_manual_0172_aug_5_vertical_flip.jpg,100,manual_collection,vertical_flip,gsm_manual_0172.jpg,train
gsm_manual_0173.jpg,100,manual_collection,original,gsm_manual_0173.jpg,train
gsm_manual_0173_aug_1_gaussian_noise.jpg,100,manual_collection,gaussian_noise,gsm_manual_0173.jpg,train
gsm_manual_0173_aug_2_horizontal_flip.jpg,100,manual_collection,horizontal_flip,gsm_manual_0173.jpg,train
gsm_manual_0173_aug_3_rotate_270.jpg,100,manual_collection,rotate_270,gsm_manual_0173.jpg,train
gsm_manual_0173_aug_4_gamma_correction.jpg,100,manual_collection,gamma_correction,gsm_manual_0173.jpg,train
gsm_manual_0173_aug_5_slight_blur.jpg,100,manual_collection,slight_blur,gsm_manual_0173.jpg,train
gsm_manual_0174.jpg,100,manual_collection,original,gsm_manual_0174.jpg,test
gsm_manual_0174_aug_1_gamma_correction.jpg,100,manual_collection,gamma_correction,gsm_manual_0174.jpg,test
gsm_manual_0174_aug_2_brightness_down.jpg,100,manual_collection,brightness_down,gsm_manual_0174.jpg,test
gsm_manual_0174_aug_3_zoom_out.jpg,100,manual_collection,zoom_out,gsm_manual_0174.jpg,test
gsm_manual_0174_aug_4_sharpen.jpg,100,manual_collection,sharpen,gsm_manual_0174.jpg,test
gsm_manual_0174_aug_5_rotate_180.jpg,100,manual_collection,rotate_180,gsm_manual_0174.jpg,test
gsm_manual_0175.jpg,100,manual_collection,original,gsm_manual_0175.jpg,val
gsm_manual_0175_aug_1_vertical_flip.jpg,100,manual_collection,vertical_flip,gsm_manual_0175.jpg,val
gsm_manual_0175_aug_2_gaussian_noise.jpg,100,manual_collection,gaussian_noise,gsm_manual_0175.jpg,val
gsm_manual_0175_aug_3_sharpen.jpg,100,manual_collection,sharpen,gsm_manual_0175.jpg,val
gsm_manual_0175_aug_4_slight_blur.jpg,100,manual_collection,slight_blur,gsm_manual_0175.jpg,val
gsm_manual_0175_aug_5_rotate_180.jpg,100,manual_collection,rotate_180,gsm_manual_0175.jpg,val
gsm_manual_0176.jpg,100,manual_collection,original,gsm_manual_0176.jpg,train
gsm_manual_0176_aug_1_vertical_flip.jpg,100,manual_collection,vertical_flip,gsm_manual_0176.jpg,train
gsm_manual_0176_aug_2_sharpen.jpg,100,manual_collection,sharpen,gsm_manual_0176.jpg,train
gsm_manual_0176_aug_3_zoom_in.jpg,100,manual_collection,zoom_in,gsm_manual_0176.jpg,train
gsm_manual_0176_aug_4_rotate_270.jpg,100,manual_collection,rotate_270,gsm_manual_0176.jpg,train
gsm_manual_0176_aug_5_slight_blur.jpg,100,manual_collection,slight_blur,gsm_manual_0176.jpg,train
gsm_manual_0177.jpg,100,manual_collection,original,gsm_manual_0177.jpg,test
gsm_manual_0177_aug_1_gaussian_noise.jpg,100,manual_collection,gaussian_noise,gsm_manual_0177.jpg,test
gsm_manual_0177_aug_2_zoom_in.jpg,100,manual_collection,zoom_in,gsm_manual_0177.jpg,test
gsm_manual_0177_aug_3_vertical_flip.jpg,100,manual_collection,vertical_flip,gsm_manual_0177.jpg,test
gsm_manual_0177_aug_4_gamma_correction.jpg,100,manual_collection,gamma_correction,gsm_manual_0177.jpg,test
gsm_manual_0177_aug_5_horizontal_flip.jpg,100,manual_collection,horizontal_flip,gsm_manual_0177.jpg,test
